iso2,year,gdp_per_capita_usd
1A,2024,7583.81170078144
1W,2024,13631.2043097215
4E,2024,10396.7957405051
7E,2024,9793.69205809432
8S,2024,2690.07883749003
AD,2024,49303.6491674336
AE,2024,50273.5060469837
AF,2023,413.757894705303
AG,2024,23542.4526945578
AL,2024,11377.7757431099
AM,2024,8556.21406956719
AO,2024,2665.87444776753
AR,2024,13969.7836603737
AS,2022,18017.4589383973
AT,2024,58268.8787651601
AU,2024,64603.9856308464
AW,2024,39498.5941293797
AZ,2024,7283.8499076179
B8,2024,24604.8068595604
BA,2024,9358.78768951134
BB,2024,26544.8707282621
BD,2024,2593.41611680774
BE,2024,56614.5679499036
BF,2024,981.992649769081
BG,2024,17596.0173663521
BH,2024,29653.5682731534
BI,2024,219.424830882698
BJ,2024,1485.38018885134
BM,2024,142855.374713782
BN,2024,33153.4738913513
BO,2024,4421.16609889999
BR,2024,10310.5488778166
BS,2024,39455.4466548546
BT,2023,3831.32535494609
BW,2024,7695.75319445165
BY,2024,8317.63399913792
BZ,2024,7681.24400583113
CA,2024,54340.3477224733
CD,2024,649.383338556725
CF,2024,516.160999996036
CG,2024,2482.2489948456
CH,2024,103998.186685604
CI,2024,2727.8935220697
CL,2024,16709.8893972307
CM,2024,1830.00833684727
CN,2024,13303.1481543868
CO,2024,7919.20886825345
CR,2024,18587.1532203482
CU,2020,9605.27914559614
CV,2024,5192.48157325878
CW,2024,22832.8953958667
CY,2024,38674.29296875
CZ,2024,31823.3078290564
DE,2024,56103.7323182554
DJ,2024,3552.72335079222
DK,2024,71026.4832271897
DM,2024,10405.2787777582
DO,2024,10875.6618443092
DZ,2024,5752.99076651465
EC,2024,6874.705739766
EE,2024,31428.3547816104
EG,2024,3338.47371395895
ES,2024,35326.7683069278
ET,2024,1133.88279681719
EU,2024,43304.9642561331
F1,2024,1527.95809514037
FI,2024,53149.7671934051
FJ,2024,6425.74151715712
FM,2024,4166.00476748564
FO,2024,74119.6607553879
FR,2024,46103.0840855884
GA,2024,8230.04311451151
GB,2024,53246.3676145108
GD,2024,11705.0902976658
GE,2024,9241.49122313713
GH,2024,2390.77237652715
GL,2023,58498.9707973609
GM,2024,871.340291776294
GN,2024,1694.95375862193
GQ,2024,6745.40013244916
GR,2024,24626.1481858973
GT,2024,6150.02571438505
GU,2022,41833.1517132825
GW,2024,1007.74151728028
GY,2024,29675.2443873316
HK,2024,54074.6928519479
HN,2024,3426.43483328923
HR,2024,24050.4397933135
HT,2024,2142.62330526788
HU,2024,23292.3263882478
ID,2024,4925.43048751861
IE,2024,112894.953240805
IL,2024,54176.6844383302
IM,2022,88328.548125887
IN,2024,2694.73780859961
IQ,2024,6073.61032342708
IR,2024,5190.16959024821
IS,2024,86040.5309851288
IT,2024,40385.3413957669
JG,2023,74585.5224096294
JM,2024,7753.8006955432
JO,2024,4618.09592498567
JP,2024,32487.0778047567
KE,2024,2132.43452097647
KG,2024,2420.18542283831
KH,2024,2627.87969756224
KI,2024,2288.63471423684
KM,2024,1662.75663312504
KN,2024,23960.6534357084
KR,2024,36238.639908315
KW,2024,32717.7186631255
KY,2023,99143.5180243123
KZ,2024,14154.6324958076
LA,2024,2123.97909415109
LB,2023,3477.72489842684
LC,2024,14181.6303351598
LI,2023,206780.590353385
LK,2024,4515.56787322732
LR,2024,851.497723870206
LS,2024,971.90771824829
LT,2024,29384.0189598663
LU,2024,137781.681659123
LV,2024,23409.0845154775
LY,2024,6569.16408678648
MA,2024,4153.1943359375
MC,2024,288001.433369041
MD,2024,7576.19589413326
ME,2024,13263.3281277699
MF,2021,21668.3776525323
MG,2024,544.987501003384
MH,2024,7726.33668877794
MK,2024,9291.85661671864
ML,2024,1094.61949265799
MM,2024,1359.05001560107
MN,2024,6750.6301157724
MO,2024,72004.7437020733
MP,2022,23785.754590043
MR,2024,2110.12036938187
MT,2024,43898.5781808597
MU,2024,11990.7798944837
MV,2024,13379.3513577224
MW,2024,522.570393642547
MX,2024,14185.7812248529
MY,2024,11874.4273684245
MZ,2024,656.776824637306
NA,2024,4413.12752211572
NC,2024,29213.1923192946
NE,2024,735.270255787226
NG,2024,1084.16041805436
NI,2024,2847.53966339498
NL,2024,67520.4218956281
NO,2024,86785.4334489176
NP,2024,1447.31004458428
NR,2024,13609.158837552
NZ,2024,49205.1792146792
OE,2024,48322.1644204871
OM,2024,20285.2272897377
PA,2024,19161.2188501596
PE,2024,8452.37167056621
PF,2024,22439.8838746025
PG,2024,3006.70564478923
PH,2024,3984.8315387656
PK,2024,1478.77277977996
PL,2024,25103.565661423
PR,2024,39343.7154660139
PS,2024,2592.30591217647
PT,2024,29292.242104753
PW,2023,15610.8231931032
PY,2024,6416.09708970845
QA,2024,76688.6941743178
RO,2024,20080.2096215595
RS,2024,13679.2065983557
RU,2024,14889.0185546875
RW,2024,999.65456165547
S1,2024,15383.3425638674
S2,2024,4453.58561280276
S3,2024,19903.8112311908
S4,2024,16094.1266173126
SA,2024,35121.6628687742
SB,2024,1933.55538435227
SC,2024,17858.8226383978
SD,2024,984.607666015625
SE,2024,57117.4877440616
SG,2024,90674.066632628
SI,2024,34301.0318686594
SK,2024,25992.6748502048
SL,2024,806.654650417726
SM,2023,59879.7173015651
SN,2024,1773.21829923448
SO,2024,629.538899449007
SR,2024,6961.78955961526
ST,2024,3490.56883486557
SV,2024,5579.65969165029
SX,2024,41472.5874498583
SY,2022,1051.67149587463
SZ,2024,3909.55892378182
T2,2024,10474.2809944408
T3,2024,2973.77496155262
T4,2024,10513.9529323033
T5,2024,2690.07883749003
T6,2024,1532.92763550207
T7,2024,13337.4386956337
TC,2024,37506.7798431288
TD,2024,961.55975562506
TG,2024,1119.38160509429
TH,2024,7346.62022142185
TJ,2024,1341.20229027672
TL,2024,1331.9705130185
TM,2024,6856.65802730208
TN,2024,4181.13789301228
TO,2023,5651.59373063157
TR,2024,15892.7157287241
TT,2024,18733.4110406494
TV,2023,6344.7750188689
TZ,2024,1186.71691894531
UA,2024,5389.47314453125
UG,2024,1077.91278452817
US,2024,84534.0407841548
UY,2024,23906.5133029408
UZ,2024,3161.70010632875
V1,2024,1366.06577255622
V2,2024,4450.18711937385
V3,2024,12874.1679137972
V4,2024,55644.314789934
VC,2024,11501.2265187188
VE,2024,4217.59102643391
VI,2022,44320.909185774
VN,2024,4717.29028732449
VU,2024,3410.77023167097
WS,2024,5392.87761915762
XC,2024,46945.4188234427
XD,2024,50302.6052129514
XE,2024,1216.37508472564
XF,2024,8219.91265703844
XG,2024,1485.92227405633
XH,2024,1650.63788113049
XI,2024,1398.11181264033
XJ,2024,10382.3911125152
XK,2024,7023.06598512878
XL,2024,1293.40100322932
XM,2024,751.322764042233
XN,2024,2544.49245457752
XO,2024,6002.45120765259
XP,2024,6554.37054933497
XQ,2024,2971.05462651558
XT,2024,10996.101696107
XU,2024,81275.8436781762
Z4,2024,13405.735673015
Z7,2024,31555.5207890657
ZA,2024,6267.186814093
ZF,2024,1576.69166875191
ZG,2024,1532.92763550207
ZH,2024,1615.39635562849
ZI,2024,1411.33702938476
ZJ,2024,10737.6463538652
ZM,2024,1187.10943350064
ZQ,2024,6265.44445247452
ZT,2024,6327.1439970487
ZW,2024,2497.20332208763
