borough,business_type,count,rated,share_rated_0_to_2,share_rated_5,awaiting_first_inspection,median_rating_age_days
Barking and Dagenham,All food businesses,1469,1233,0.081,0.561,204,347
Barking and Dagenham,Hospitals/Childcare/Caring Premises,69,60,0.05,0.717,5,254
Barking and Dagenham,Hotel/bed & breakfast/guest house,5,5,0.0,0.6,0,420
Barking and Dagenham,Importers/Exporters,3,2,0.0,0.5,1,169
Barking and Dagenham,Manufacturers/packers,3,2,0.0,0.5,1,253
Barking and Dagenham,Mobile caterer,57,47,0.0,0.638,10,322
Barking and Dagenham,Other catering premises,249,142,0.028,0.704,107,335
Barking and Dagenham,Pub/bar/nightclub,25,24,0.083,0.458,1,271
Barking and Dagenham,Restaurant/Cafe/Canteen,234,210,0.086,0.49,24,319
Barking and Dagenham,Retailers - other,453,390,0.126,0.467,35,520
Barking and Dagenham,Retailers - supermarkets/hypermarkets,39,39,0.026,0.769,0,591
Barking and Dagenham,School/college/university,105,94,0.0,0.915,11,296
Barking and Dagenham,Takeaway/sandwich shop,227,218,0.106,0.468,9,290
Barnet,All food businesses,2854,2384,0.055,0.612,350,316
Barnet,Distributors/Transporters,27,18,0.0,0.833,4,1260
Barnet,Hospitals/Childcare/Caring Premises,219,210,0.029,0.757,9,240
Barnet,Hotel/bed & breakfast/guest house,19,19,0.0,0.789,0,413
Barnet,Importers/Exporters,9,6,0.0,0.667,2,1160
Barnet,Manufacturers/packers,18,17,0.0,0.765,1,374
Barnet,Mobile caterer,148,87,0.034,0.644,58,442
Barnet,Other catering premises,589,394,0.025,0.721,181,716
Barnet,Pub/bar/nightclub,109,102,0.02,0.686,2,460
Barnet,Restaurant/Cafe/Canteen,620,581,0.059,0.497,38,248
Barnet,Retailers - other,584,460,0.117,0.474,34,330
Barnet,Retailers - supermarkets/hypermarkets,81,81,0.025,0.802,0,248
Barnet,School/college/university,193,183,0.016,0.858,9,268
Barnet,Takeaway/sandwich shop,238,226,0.08,0.509,12,292
Bexley,All food businesses,1769,1617,0.038,0.711,96,410
Bexley,Distributors/Transporters,8,5,0.0,0.8,1,471
Bexley,Hospitals/Childcare/Caring Premises,190,178,0.006,0.871,8,345
Bexley,Hotel/bed & breakfast/guest house,6,6,0.0,1.0,0,684
Bexley,Importers/Exporters,3,0,,,1,
Bexley,Manufacturers/packers,14,12,0.0,1.0,1,496
Bexley,Mobile caterer,105,94,0.011,0.883,11,453
Bexley,Other catering premises,150,128,0.031,0.789,17,400
Bexley,Pub/bar/nightclub,124,123,0.033,0.772,1,536
Bexley,Restaurant/Cafe/Canteen,345,333,0.036,0.616,12,322
Bexley,Retailers - other,465,405,0.064,0.674,18,528
Bexley,Retailers - supermarkets/hypermarkets,41,40,0.0,0.9,1,789
Bexley,School/college/university,97,86,0.0,0.965,11,463
Bexley,Takeaway/sandwich shop,221,207,0.068,0.469,14,290
Brent,All food businesses,2502,2216,0.051,0.736,228,483
Brent,Distributors/Transporters,10,7,0.0,0.714,3,893
Brent,Hospitals/Childcare/Caring Premises,154,151,0.013,0.954,3,395
Brent,Hotel/bed & breakfast/guest house,10,10,0.0,0.6,0,570
Brent,Manufacturers/packers,33,33,0.0,0.788,0,550
Brent,Mobile caterer,78,60,0.0,0.817,18,741
Brent,Other catering premises,233,164,0.006,0.817,67,788
Brent,Pub/bar/nightclub,80,77,0.013,0.74,3,459
Brent,Restaurant/Cafe/Canteen,563,524,0.069,0.681,39,384
Brent,Retailers - other,363,279,0.068,0.631,28,655
Brent,Retailers - supermarkets/hypermarkets,357,352,0.06,0.756,5,658
Brent,School/college/university,118,113,0.009,0.912,5,486
Brent,Takeaway/sandwich shop,503,446,0.072,0.688,57,370
Bromley,All food businesses,2489,2181,0.017,0.769,101,393
Bromley,Distributors/Transporters,34,18,0.056,0.889,6,268
Bromley,Farmers/growers,5,2,0.0,1.0,1,233
Bromley,Hospitals/Childcare/Caring Premises,213,174,0.0,0.891,4,267
Bromley,Hotel/bed & breakfast/guest house,14,14,0.0,0.857,0,425
Bromley,Importers/Exporters,7,4,0.0,1.0,0,608
Bromley,Manufacturers/packers,34,24,0.0,0.875,2,422
Bromley,Mobile caterer,98,87,0.011,0.839,10,553
Bromley,Other catering premises,232,185,0.016,0.632,42,266
Bromley,Pub/bar/nightclub,174,158,0.032,0.778,1,383
Bromley,Restaurant/Cafe/Canteen,735,708,0.016,0.816,17,422
Bromley,Retailers - other,474,354,0.028,0.621,9,431
Bromley,Retailers - supermarkets/hypermarkets,73,71,0.0,0.859,2,438
Bromley,School/college/university,141,136,0.007,0.971,0,369
Bromley,Takeaway/sandwich shop,255,246,0.016,0.663,7,345
Camden,All food businesses,4271,3356,0.08,0.586,837,521
Camden,Distributors/Transporters,9,3,0.0,0.667,4,777
Camden,Hospitals/Childcare/Caring Premises,83,74,0.014,0.865,9,614
Camden,Hotel/bed & breakfast/guest house,126,120,0.083,0.675,6,686
Camden,Importers/Exporters,32,1,0.0,1.0,30,1557
Camden,Manufacturers/packers,28,20,0.0,0.5,7,369
Camden,Mobile caterer,22,17,0.059,0.882,5,409
Camden,Other catering premises,63,60,0.017,0.6,1,1345
Camden,Pub/bar/nightclub,228,226,0.066,0.673,2,695
Camden,Restaurant/Cafe/Canteen,1730,1534,0.089,0.565,194,430
Camden,Retailers - other,984,512,0.092,0.527,405,603
Camden,Retailers - supermarkets/hypermarkets,84,79,0.051,0.823,5,568
Camden,School/college/university,110,106,0.019,0.811,4,405
Camden,Takeaway/sandwich shop,772,604,0.084,0.528,165,577
City of London Corporation,All food businesses,1855,1723,0.027,0.873,96,554
City of London Corporation,Distributors/Transporters,10,1,0.0,1.0,8,1666
City of London Corporation,Hospitals/Childcare/Caring Premises,9,6,0.0,0.833,1,580
City of London Corporation,Hotel/bed & breakfast/guest house,23,23,0.0,0.913,0,333
City of London Corporation,Importers/Exporters,16,2,0.0,1.0,12,1422
City of London Corporation,Manufacturers/packers,4,0,,,4,
City of London Corporation,Mobile caterer,10,10,0.0,0.9,0,370
City of London Corporation,Other catering premises,165,153,0.007,0.948,8,974
City of London Corporation,Pub/bar/nightclub,191,190,0.032,0.874,1,726
City of London Corporation,Restaurant/Cafe/Canteen,911,858,0.03,0.873,48,463
City of London Corporation,Retailers - other,120,91,0.022,0.912,7,1037
City of London Corporation,Retailers - supermarkets/hypermarkets,33,33,0.0,0.97,0,1087
City of London Corporation,School/college/university,8,8,0.0,1.0,0,658
City of London Corporation,Takeaway/sandwich shop,355,348,0.034,0.813,7,529
Croydon,All food businesses,3105,2842,0.049,0.646,239,452
Croydon,Distributors/Transporters,47,41,0.049,0.829,3,883
Croydon,Hospitals/Childcare/Caring Premises,408,377,0.05,0.706,29,337
Croydon,Hotel/bed & breakfast/guest house,30,29,0.0,0.759,0,361
Croydon,Importers/Exporters,6,2,0.0,0.5,2,1932
Croydon,Manufacturers/packers,10,6,0.0,0.5,2,942
Croydon,Mobile caterer,171,125,0.0,0.76,46,419
Croydon,Other catering premises,517,452,0.018,0.746,61,674
Croydon,Pub/bar/nightclub,73,71,0.042,0.718,2,621
Croydon,Restaurant/Cafe/Canteen,586,550,0.062,0.593,33,378
Croydon,Retailers - other,631,597,0.069,0.548,29,727
Croydon,Retailers - supermarkets/hypermarkets,78,78,0.013,0.846,0,1071
Croydon,School/college/university,129,119,0.0,0.849,10,353
Croydon,Takeaway/sandwich shop,419,395,0.081,0.522,22,332
Ealing,All food businesses,3812,3152,0.132,0.574,444,441
Ealing,Distributors/Transporters,28,18,0.167,0.611,2,567
Ealing,Farmers/growers,2,2,0.0,1.0,0,3499
Ealing,Hospitals/Childcare/Caring Premises,305,292,0.051,0.709,8,391
Ealing,Hotel/bed & breakfast/guest house,12,10,0.1,0.7,0,576
Ealing,Importers/Exporters,59,40,0.025,0.85,7,603
Ealing,Manufacturers/packers,215,176,0.125,0.619,38,446
Ealing,Mobile caterer,269,161,0.075,0.64,107,527
Ealing,Other catering premises,439,293,0.085,0.72,127,513
Ealing,Pub/bar/nightclub,145,140,0.1,0.621,4,589
Ealing,Restaurant/Cafe/Canteen,951,880,0.188,0.474,70,372
Ealing,Retailers - other,808,612,0.16,0.485,32,512
Ealing,Retailers - supermarkets/hypermarkets,64,62,0.032,0.871,2,601
Ealing,School/college/university,198,191,0.01,0.827,6,430
Ealing,Takeaway/sandwich shop,317,275,0.204,0.411,41,385
Enfield,All food businesses,2429,2147,0.094,0.595,266,387
Enfield,Distributors/Transporters,5,5,0.0,0.6,0,192
Enfield,Farmers/growers,2,2,0.0,0.0,0,675
Enfield,Hospitals/Childcare/Caring Premises,177,162,0.043,0.735,13,345
Enfield,Hotel/bed & breakfast/guest house,7,7,0.0,1.0,0,573
Enfield,Importers/Exporters,3,2,0.0,0.0,0,211
Enfield,Manufacturers/packers,4,3,0.333,0.667,0,291
Enfield,Mobile caterer,106,92,0.109,0.652,14,341
Enfield,Other catering premises,399,285,0.049,0.691,114,373
Enfield,Pub/bar/nightclub,135,125,0.032,0.728,10,552
Enfield,Restaurant/Cafe/Canteen,573,546,0.115,0.504,27,331
Enfield,Retailers - other,521,472,0.121,0.564,37,564
Enfield,Retailers - supermarkets/hypermarkets,67,54,0.056,0.63,13,453
Enfield,School/college/university,160,135,0.037,0.778,25,346
Enfield,Takeaway/sandwich shop,270,257,0.148,0.463,13,358
Greenwich,All food businesses,2416,2136,0.026,0.793,231,465
Greenwich,Distributors/Transporters,9,4,0.0,0.75,3,386
Greenwich,Hospitals/Childcare/Caring Premises,165,162,0.006,0.932,3,395
Greenwich,Hotel/bed & breakfast/guest house,8,8,0.0,0.875,0,415
Greenwich,Importers/Exporters,2,2,0.0,1.0,0,532
Greenwich,Manufacturers/packers,39,31,0.097,0.839,3,560
Greenwich,Mobile caterer,111,92,0.011,0.826,18,506
Greenwich,Other catering premises,460,346,0.003,0.847,113,520
Greenwich,Pub/bar/nightclub,102,100,0.01,0.86,2,516
Greenwich,Restaurant/Cafe/Canteen,562,526,0.021,0.768,36,377
Greenwich,Retailers - other,494,424,0.059,0.7,30,567
Greenwich,Retailers - supermarkets/hypermarkets,79,77,0.013,0.857,2,561
Greenwich,School/college/university,147,140,0.007,0.936,7,457
Greenwich,Takeaway/sandwich shop,238,224,0.045,0.679,14,448
Hackney,All food businesses,2433,2106,0.051,0.691,282,485
Hackney,Distributors/Transporters,42,25,0.12,0.6,17,315
Hackney,Hospitals/Childcare/Caring Premises,80,62,0.032,0.903,6,557
Hackney,Hotel/bed & breakfast/guest house,14,12,0.0,1.0,2,312
Hackney,Importers/Exporters,4,4,0.0,0.5,0,205
Hackney,Manufacturers/packers,65,37,0.0,0.703,26,288
Hackney,Mobile caterer,71,50,0.02,0.82,20,487
Hackney,Other catering premises,170,142,0.021,0.775,27,571
Hackney,Pub/bar/nightclub,130,121,0.066,0.702,8,655
Hackney,Restaurant/Cafe/Canteen,1005,914,0.065,0.686,90,443
Hackney,Retailers - other,491,423,0.04,0.643,41,566
Hackney,Retailers - supermarkets/hypermarkets,35,33,0.0,0.879,2,267
Hackney,School/college/university,62,48,0.021,0.771,14,355
Hackney,Takeaway/sandwich shop,264,235,0.06,0.613,29,441
Hammersmith and Fulham,All food businesses,2010,1828,0.025,0.777,143,416
Hammersmith and Fulham,Distributors/Transporters,17,10,0.0,0.9,1,458
Hammersmith and Fulham,Hospitals/Childcare/Caring Premises,86,83,0.0,0.952,3,382
Hammersmith and Fulham,Hotel/bed & breakfast/guest house,36,34,0.0,0.882,2,358
Hammersmith and Fulham,Importers/Exporters,5,4,0.0,1.0,0,677
Hammersmith and Fulham,Manufacturers/packers,21,20,0.0,0.8,1,583
Hammersmith and Fulham,Mobile caterer,44,36,0.0,0.75,8,432
Hammersmith and Fulham,Other catering premises,209,165,0.018,0.873,40,581
Hammersmith and Fulham,Pub/bar/nightclub,116,114,0.026,0.895,2,443
Hammersmith and Fulham,Restaurant/Cafe/Canteen,798,737,0.028,0.722,61,352
Hammersmith and Fulham,Retailers - other,365,327,0.024,0.743,13,623
Hammersmith and Fulham,Retailers - supermarkets/hypermarkets,69,69,0.0,0.942,0,662
Hammersmith and Fulham,School/college/university,86,80,0.0,0.938,3,375
Hammersmith and Fulham,Takeaway/sandwich shop,158,149,0.074,0.638,9,392
Haringey,All food businesses,1953,1845,0.028,0.783,38,381
Haringey,Distributors/Transporters,20,15,0.0,0.8,1,325
Haringey,Farmers/growers,2,1,0.0,1.0,1,1413
Haringey,Hospitals/Childcare/Caring Premises,86,84,0.024,0.857,1,302
Haringey,Hotel/bed & breakfast/guest house,4,4,0.0,1.0,0,583
Haringey,Importers/Exporters,6,3,0.0,0.667,0,429
Haringey,Manufacturers/packers,68,59,0.017,0.881,5,458
Haringey,Mobile caterer,41,38,0.0,0.921,3,570
Haringey,Other catering premises,229,213,0.014,0.901,6,521
Haringey,Pub/bar/nightclub,88,82,0.024,0.829,2,390
Haringey,Restaurant/Cafe/Canteen,562,554,0.036,0.727,8,348
Haringey,Retailers - other,484,434,0.035,0.726,8,380
Haringey,Retailers - supermarkets/hypermarkets,71,68,0.015,0.838,1,384
Haringey,School/college/university,87,87,0.011,0.931,0,385
Haringey,Takeaway/sandwich shop,205,203,0.034,0.739,2,400
Harrow,All food businesses,1919,1573,0.057,0.619,293,354
Harrow,Distributors/Transporters,24,17,0.0,0.765,6,779
Harrow,Hospitals/Childcare/Caring Premises,146,140,0.0,0.843,5,299
Harrow,Hotel/bed & breakfast/guest house,9,9,0.0,1.0,0,216
Harrow,Importers/Exporters,7,4,0.25,0.75,1,651
Harrow,Manufacturers/packers,35,23,0.0,0.783,10,435
Harrow,Mobile caterer,47,37,0.054,0.703,10,521
Harrow,Other catering premises,315,196,0.031,0.709,115,357
Harrow,Pub/bar/nightclub,61,60,0.05,0.683,0,447
Harrow,Restaurant/Cafe/Canteen,509,457,0.066,0.6,51,330
Harrow,Retailers - other,451,340,0.079,0.459,70,364
Harrow,Retailers - supermarkets/hypermarkets,67,65,0.046,0.631,2,450
Harrow,School/college/university,47,43,0.023,0.907,4,309
Harrow,Takeaway/sandwich shop,201,182,0.093,0.533,19,318
Havering,All food businesses,1996,1725,0.041,0.717,113,270
Havering,Distributors/Transporters,12,5,0.0,0.8,0,620
Havering,Farmers/growers,5,5,0.0,1.0,0,953
Havering,Hospitals/Childcare/Caring Premises,219,203,0.01,0.897,4,256
Havering,Hotel/bed & breakfast/guest house,8,8,0.0,0.875,0,341
Havering,Manufacturers/packers,30,23,0.13,0.739,2,295
Havering,Mobile caterer,135,117,0.026,0.889,16,284
Havering,Pub/bar/nightclub,79,77,0.026,0.779,1,260
Havering,Restaurant/Cafe/Canteen,737,653,0.034,0.709,56,301
Havering,Retailers - other,433,309,0.094,0.56,24,248
Havering,Retailers - supermarkets/hypermarkets,63,61,0.016,0.787,0,232
Havering,School/college/university,99,95,0.0,0.916,4,267
Havering,Takeaway/sandwich shop,176,169,0.047,0.509,6,322
Hillingdon,All food businesses,2271,2009,0.081,0.632,156,365
Hillingdon,Distributors/Transporters,8,3,0.0,0.667,1,340
Hillingdon,Farmers/growers,1,1,0.0,1.0,0,631
Hillingdon,Hospitals/Childcare/Caring Premises,149,139,0.007,0.82,9,357
Hillingdon,Hotel/bed & breakfast/guest house,43,42,0.024,0.786,1,507
Hillingdon,Importers/Exporters,5,1,1.0,0.0,4,135
Hillingdon,Manufacturers/packers,8,4,0.0,0.75,4,473
Hillingdon,Mobile caterer,72,44,0.068,0.682,28,324
Hillingdon,Other catering premises,150,131,0.008,0.802,12,573
Hillingdon,Pub/bar/nightclub,127,123,0.106,0.618,2,428
Hillingdon,Restaurant/Cafe/Canteen,631,589,0.093,0.61,41,312
Hillingdon,Retailers - other,583,468,0.092,0.579,25,531
Hillingdon,Retailers - supermarkets/hypermarkets,70,68,0.0,0.868,2,743
Hillingdon,School/college/university,139,132,0.0,0.864,7,365
Hillingdon,Takeaway/sandwich shop,285,264,0.167,0.386,20,261
Hounslow,All food businesses,2347,1854,0.029,0.724,400,750
Hounslow,Distributors/Transporters,23,10,0.0,1.0,12,933
Hounslow,Farmers/growers,5,4,0.0,1.0,1,1015
Hounslow,Hospitals/Childcare/Caring Premises,119,111,0.027,0.91,6,434
Hounslow,Hotel/bed & breakfast/guest house,33,30,0.0,0.867,3,773
Hounslow,Importers/Exporters,12,2,0.0,1.0,9,562
Hounslow,Manufacturers/packers,26,14,0.0,0.786,10,899
Hounslow,Mobile caterer,166,114,0.0,0.886,52,908
Hounslow,Other catering premises,185,102,0.029,0.765,83,968
Hounslow,Pub/bar/nightclub,103,97,0.021,0.794,4,897
Hounslow,Restaurant/Cafe/Canteen,603,538,0.032,0.652,65,486
Hounslow,Retailers - other,660,464,0.03,0.672,112,882
Hounslow,Retailers - supermarkets/hypermarkets,56,53,0.0,0.943,3,869
Hounslow,School/college/university,108,100,0.0,0.97,8,466
Hounslow,Takeaway/sandwich shop,248,215,0.07,0.567,32,626
Islington,All food businesses,2619,2410,0.057,0.645,208,518
Islington,Distributors/Transporters,4,4,0.0,0.75,0,611
Islington,Farmers/growers,1,0,,,1,
Islington,Hospitals/Childcare/Caring Premises,91,89,0.011,0.82,2,374
Islington,Hotel/bed & breakfast/guest house,24,24,0.0,0.958,0,426
Islington,Importers/Exporters,5,3,0.0,0.667,2,268
Islington,Manufacturers/packers,7,4,0.0,0.75,3,198
Islington,Mobile caterer,77,62,0.097,0.468,15,414
Islington,Other catering premises,329,265,0.023,0.808,64,563
Islington,Pub/bar/nightclub,224,216,0.028,0.764,8,667
Islington,Restaurant/Cafe/Canteen,1014,955,0.075,0.543,59,450
Islington,Retailers - other,459,436,0.076,0.633,22,766
Islington,Retailers - supermarkets/hypermarkets,70,66,0.0,0.924,4,773
Islington,School/college/university,72,72,0.0,0.944,0,412
Islington,Takeaway/sandwich shop,242,214,0.065,0.556,28,439
Kensington and Chelsea,All food businesses,2007,1828,0.009,0.879,147,409
Kensington and Chelsea,Distributors/Transporters,30,25,0.0,0.96,5,427
Kensington and Chelsea,Hospitals/Childcare/Caring Premises,36,35,0.0,1.0,0,350
Kensington and Chelsea,Hotel/bed & breakfast/guest house,66,65,0.0,0.923,0,465
Kensington and Chelsea,Importers/Exporters,6,2,0.0,1.0,4,453
Kensington and Chelsea,Manufacturers/packers,39,34,0.0,0.794,5,441
Kensington and Chelsea,Mobile caterer,17,8,0.0,0.875,9,356
Kensington and Chelsea,Other catering premises,170,132,0.0,0.955,35,431
Kensington and Chelsea,Pub/bar/nightclub,98,94,0.0,0.904,3,436
Kensington and Chelsea,Restaurant/Cafe/Canteen,981,924,0.013,0.866,57,373
Kensington and Chelsea,Retailers - other,358,314,0.003,0.847,20,447
Kensington and Chelsea,Retailers - supermarkets/hypermarkets,42,42,0.0,0.952,0,445
Kensington and Chelsea,School/college/university,79,77,0.013,0.948,2,343
Kensington and Chelsea,Takeaway/sandwich shop,85,76,0.026,0.803,7,428
Kingston-Upon-Thames,All food businesses,1428,1277,0.038,0.729,79,289
Kingston-Upon-Thames,Distributors/Transporters,16,14,0.071,0.929,1,288
Kingston-Upon-Thames,Farmers/growers,2,2,0.0,1.0,0,232
Kingston-Upon-Thames,Hospitals/Childcare/Caring Premises,130,100,0.02,0.88,2,237
Kingston-Upon-Thames,Hotel/bed & breakfast/guest house,13,13,0.154,0.769,0,353
Kingston-Upon-Thames,Importers/Exporters,9,6,0.0,0.833,2,282
Kingston-Upon-Thames,Manufacturers/packers,29,20,0.05,0.9,3,217
Kingston-Upon-Thames,Mobile caterer,103,85,0.047,0.812,7,498
Kingston-Upon-Thames,Other catering premises,88,60,0.0,0.867,21,319
Kingston-Upon-Thames,Pub/bar/nightclub,88,86,0.0,0.721,2,233
Kingston-Upon-Thames,Restaurant/Cafe/Canteen,441,420,0.029,0.705,19,266
Kingston-Upon-Thames,Retailers - other,213,193,0.083,0.56,7,364
Kingston-Upon-Thames,Retailers - supermarkets/hypermarkets,59,59,0.051,0.814,0,396
Kingston-Upon-Thames,School/college/university,87,80,0.0,0.963,5,261
Kingston-Upon-Thames,Takeaway/sandwich shop,150,139,0.058,0.597,10,253
Lambeth,All food businesses,2682,2435,0.064,0.617,194,368
Lambeth,Distributors/Transporters,8,4,0.0,1.0,4,129
Lambeth,Hospitals/Childcare/Caring Premises,140,126,0.0,0.825,5,309
Lambeth,Hotel/bed & breakfast/guest house,27,27,0.0,0.815,0,631
Lambeth,Importers/Exporters,5,2,0.0,1.0,3,127
Lambeth,Manufacturers/packers,17,11,0.0,0.909,6,269
Lambeth,Mobile caterer,49,37,0.0,0.73,12,793
Lambeth,Other catering premises,399,334,0.015,0.689,63,830
Lambeth,Pub/bar/nightclub,172,164,0.03,0.671,8,296
Lambeth,Restaurant/Cafe/Canteen,817,772,0.082,0.597,45,313
Lambeth,Retailers - other,441,386,0.14,0.42,13,420
Lambeth,Retailers - supermarkets/hypermarkets,84,82,0.0,0.939,2,350
Lambeth,School/college/university,117,110,0.009,0.918,7,373
Lambeth,Takeaway/sandwich shop,406,380,0.074,0.505,26,327
Lewisham,All food businesses,2484,2035,0.034,0.627,356,353
Lewisham,Distributors/Transporters,28,18,0.0,0.722,6,770
Lewisham,Hospitals/Childcare/Caring Premises,203,176,0.006,0.807,13,334
Lewisham,Hotel/bed & breakfast/guest house,8,8,0.0,0.75,0,716
Lewisham,Importers/Exporters,5,3,0.333,0.333,2,681
Lewisham,Manufacturers/packers,30,15,0.0,0.6,10,353
Lewisham,Mobile caterer,62,34,0.059,0.794,27,449
Lewisham,Other catering premises,375,253,0.0,0.787,117,759
Lewisham,Pub/bar/nightclub,89,80,0.025,0.688,5,331
Lewisham,Restaurant/Cafe/Canteen,645,555,0.027,0.616,80,354
Lewisham,Retailers - other,497,421,0.059,0.501,27,337
Lewisham,Retailers - supermarkets/hypermarkets,55,55,0.018,0.855,0,315
Lewisham,School/college/university,116,79,0.025,0.797,37,360
Lewisham,Takeaway/sandwich shop,371,338,0.059,0.473,32,317
London,All food businesses,81671,71469,0.057,0.684,7470,403
London,Distributors/Transporters,678,439,0.039,0.8,133,548
London,Farmers/growers,33,23,0.0,0.826,7,631
London,Hospitals/Childcare/Caring Premises,4686,4328,0.02,0.835,194,325
London,Hotel/bed & breakfast/guest house,971,940,0.028,0.814,21,448
London,Importers/Exporters,280,126,0.04,0.794,94,488
London,Manufacturers/packers,1138,856,0.051,0.749,203,420
London,Mobile caterer,2596,1951,0.031,0.77,603,455
London,Other catering premises,8085,6114,0.022,0.777,1774,511
London,Pub/bar/nightclub,3865,3711,0.039,0.749,103,476
London,Restaurant/Cafe/Canteen,27291,25314,0.06,0.671,1842,373
London,Retailers - other,16764,13589,0.092,0.57,1332,500
London,Retailers - supermarkets/hypermarkets,2326,2264,0.025,0.834,58,541
London,School/college/university,3510,3237,0.009,0.897,259,358
London,Takeaway/sandwich shop,9448,8577,0.079,0.565,847,360
Merton,All food businesses,1609,1281,0.018,0.823,256,352
Merton,Distributors/Transporters,39,25,0.0,0.76,9,557
Merton,Farmers/growers,1,0,,,1,
Merton,Hospitals/Childcare/Caring Premises,95,90,0.0,0.978,5,255
Merton,Hotel/bed & breakfast/guest house,7,6,0.0,0.667,1,201
Merton,Importers/Exporters,5,2,0.0,1.0,0,708
Merton,Manufacturers/packers,46,28,0.036,0.75,11,341
Merton,Mobile caterer,34,19,0.0,0.895,15,115
Merton,Other catering premises,139,47,0.0,0.872,89,417
Merton,Pub/bar/nightclub,54,54,0.019,0.944,0,430
Merton,Restaurant/Cafe/Canteen,604,538,0.013,0.844,62,346
Merton,Retailers - other,353,260,0.038,0.677,44,464
Merton,Retailers - supermarkets/hypermarkets,40,39,0.026,0.974,1,521
Merton,School/college/university,83,74,0.0,0.973,8,249
Merton,Takeaway/sandwich shop,109,99,0.03,0.717,10,199
Newham,All food businesses,2660,2424,0.14,0.491,158,346
Newham,Distributors/Transporters,7,6,0.0,0.833,1,303
Newham,Hospitals/Childcare/Caring Premises,106,103,0.019,0.709,2,325
Newham,Hotel/bed & breakfast/guest house,33,33,0.061,0.758,0,182
Newham,Importers/Exporters,2,2,0.0,1.0,0,706
Newham,Manufacturers/packers,5,4,0.0,1.0,0,523
Newham,Mobile caterer,123,112,0.062,0.679,11,295
Newham,Other catering premises,355,304,0.053,0.691,48,369
Newham,Pub/bar/nightclub,62,61,0.066,0.508,1,498
Newham,Restaurant/Cafe/Canteen,654,618,0.121,0.484,36,293
Newham,Retailers - other,731,644,0.259,0.289,15,480
Newham,Retailers - supermarkets/hypermarkets,59,59,0.034,0.729,0,553
Newham,School/college/university,116,113,0.027,0.938,3,319
Newham,Takeaway/sandwich shop,407,365,0.167,0.359,41,245
Redbridge,All food businesses,2199,1819,0.073,0.661,323,379
Redbridge,Distributors/Transporters,4,2,0.5,0.0,2,384
Redbridge,Farmers/growers,2,2,0.0,0.5,0,189
Redbridge,Hospitals/Childcare/Caring Premises,247,219,0.005,0.89,24,354
Redbridge,Hotel/bed & breakfast/guest house,18,18,0.0,0.889,0,450
Redbridge,Importers/Exporters,4,2,0.0,1.0,2,601
Redbridge,Manufacturers/packers,3,1,1.0,0.0,2,291
Redbridge,Mobile caterer,28,25,0.08,0.84,3,325
Redbridge,Pub/bar/nightclub,66,65,0.062,0.815,1,491
Redbridge,Restaurant/Cafe/Canteen,898,667,0.061,0.717,229,379
Redbridge,Retailers - other,447,367,0.131,0.455,29,444
Redbridge,Retailers - supermarkets/hypermarkets,43,42,0.024,0.786,1,310
Redbridge,School/college/university,96,92,0.0,0.87,4,446
Redbridge,Takeaway/sandwich shop,343,317,0.107,0.495,26,330
Richmond-Upon-Thames,All food businesses,1606,1399,0.023,0.746,165,437
Richmond-Upon-Thames,Distributors/Transporters,13,1,0.0,1.0,9,977
Richmond-Upon-Thames,Farmers/growers,1,0,,,0,
Richmond-Upon-Thames,Hospitals/Childcare/Caring Premises,92,86,0.012,0.849,5,450
Richmond-Upon-Thames,Hotel/bed & breakfast/guest house,15,12,0.083,0.75,2,493
Richmond-Upon-Thames,Importers/Exporters,7,0,,,5,
Richmond-Upon-Thames,Manufacturers/packers,21,12,0.0,0.917,7,342
Richmond-Upon-Thames,Mobile caterer,19,10,0.0,0.8,9,505
Richmond-Upon-Thames,Other catering premises,98,58,0.017,0.724,34,499
Richmond-Upon-Thames,Pub/bar/nightclub,129,122,0.016,0.779,5,511
Richmond-Upon-Thames,Restaurant/Cafe/Canteen,729,686,0.016,0.77,40,412
Richmond-Upon-Thames,Retailers - other,296,243,0.053,0.593,32,451
Richmond-Upon-Thames,Retailers - supermarkets/hypermarkets,46,43,0.023,0.884,3,528
Richmond-Upon-Thames,School/college/university,71,64,0.0,0.938,7,387
Richmond-Upon-Thames,Takeaway/sandwich shop,69,62,0.032,0.565,7,474
Southwark,All food businesses,3312,2985,0.025,0.717,260,459
Southwark,Distributors/Transporters,18,17,0.059,0.941,0,753
Southwark,Farmers/growers,1,0,,,1,
Southwark,Hospitals/Childcare/Caring Premises,96,94,0.011,0.851,1,442
Southwark,Hotel/bed & breakfast/guest house,38,36,0.028,0.861,1,449
Southwark,Importers/Exporters,14,10,0.0,0.9,3,254
Southwark,Manufacturers/packers,46,43,0.023,0.837,3,533
Southwark,Mobile caterer,70,52,0.0,0.712,16,496
Southwark,Other catering premises,287,257,0.012,0.778,22,422
Southwark,Pub/bar/nightclub,199,192,0.016,0.755,6,465
Southwark,Restaurant/Cafe/Canteen,961,904,0.025,0.708,55,445
Southwark,Retailers - other,694,604,0.043,0.632,41,660
Southwark,Retailers - supermarkets/hypermarkets,95,93,0.022,0.796,2,258
Southwark,School/college/university,171,152,0.0,0.914,18,325
Southwark,Takeaway/sandwich shop,622,531,0.026,0.661,91,445
Sutton,All food businesses,1326,1178,0.037,0.749,42,336
Sutton,Distributors/Transporters,7,0,,,1,
Sutton,Hospitals/Childcare/Caring Premises,156,144,0.007,0.882,4,267
Sutton,Hotel/bed & breakfast/guest house,1,1,0.0,1.0,0,345
Sutton,Importers/Exporters,9,4,0.0,0.75,0,595
Sutton,Manufacturers/packers,13,9,0.0,0.667,1,247
Sutton,Mobile caterer,46,30,0.0,0.933,6,429
Sutton,Other catering premises,187,126,0.0,0.881,7,315
Sutton,Pub/bar/nightclub,50,46,0.043,0.848,3,321
Sutton,Restaurant/Cafe/Canteen,314,299,0.03,0.753,10,304
Sutton,Retailers - other,247,227,0.088,0.507,6,482
Sutton,Retailers - supermarkets/hypermarkets,36,36,0.028,0.917,0,530
Sutton,School/college/university,66,65,0.0,0.954,1,332
Sutton,Takeaway/sandwich shop,194,191,0.052,0.691,3,289
Tower Hamlets,All food businesses,3192,2883,0.055,0.721,195,373
Tower Hamlets,Distributors/Transporters,55,49,0.041,0.694,2,505
Tower Hamlets,Farmers/growers,1,1,0.0,1.0,0,88
Tower Hamlets,Hospitals/Childcare/Caring Premises,77,76,0.026,0.895,1,339
Tower Hamlets,Hotel/bed & breakfast/guest house,30,30,0.0,0.967,0,411
Tower Hamlets,Importers/Exporters,11,5,0.0,1.0,1,374
Tower Hamlets,Manufacturers/packers,66,58,0.017,0.759,3,356
Tower Hamlets,Mobile caterer,84,70,0.014,0.886,12,373
Tower Hamlets,Other catering premises,390,332,0.021,0.822,52,387
Tower Hamlets,Pub/bar/nightclub,158,151,0.046,0.742,3,401
Tower Hamlets,Restaurant/Cafe/Canteen,1195,1128,0.066,0.715,60,365
Tower Hamlets,Retailers - other,610,507,0.091,0.564,25,401
Tower Hamlets,Retailers - supermarkets/hypermarkets,71,71,0.0,0.915,0,417
Tower Hamlets,School/college/university,101,99,0.02,0.899,2,351
Tower Hamlets,Takeaway/sandwich shop,343,306,0.052,0.667,34,353
Waltham Forest,All food businesses,1976,1860,0.125,0.504,60,339
Waltham Forest,Distributors/Transporters,9,9,0.111,0.556,0,420
Waltham Forest,Hospitals/Childcare/Caring Premises,160,158,0.038,0.81,2,243
Waltham Forest,Hotel/bed & breakfast/guest house,4,4,0.0,0.75,0,243
Waltham Forest,Importers/Exporters,4,4,0.25,0.25,0,285
Waltham Forest,Manufacturers/packers,35,33,0.152,0.576,2,332
Waltham Forest,Mobile caterer,42,42,0.024,0.786,0,296
Waltham Forest,Other catering premises,59,57,0.053,0.754,0,431
Waltham Forest,Pub/bar/nightclub,89,89,0.079,0.607,0,352
Waltham Forest,Restaurant/Cafe/Canteen,593,573,0.108,0.462,19,340
Waltham Forest,Retailers - other,585,528,0.216,0.413,4,378
Waltham Forest,Retailers - supermarkets/hypermarkets,35,35,0.057,0.714,0,592
Waltham Forest,School/college/university,91,63,0.0,0.794,28,218
Waltham Forest,Takeaway/sandwich shop,270,265,0.113,0.351,5,284
Wandsworth,All food businesses,2917,2424,0.036,0.785,356,367
Wandsworth,Distributors/Transporters,86,53,0.0,0.962,17,387
Wandsworth,Farmers/growers,2,1,0.0,0.0,1,925
Wandsworth,Hospitals/Childcare/Caring Premises,148,138,0.014,0.899,2,250
Wandsworth,Hotel/bed & breakfast/guest house,17,16,0.0,0.938,0,253
Wandsworth,Importers/Exporters,2,1,0.0,1.0,1,135
Wandsworth,Manufacturers/packers,86,57,0.018,0.877,25,301
Wandsworth,Mobile caterer,42,20,0.0,0.85,22,457
Wandsworth,Other catering premises,209,116,0.034,0.81,90,304
Wandsworth,Pub/bar/nightclub,139,133,0.023,0.835,5,414
Wandsworth,Restaurant/Cafe/Canteen,1258,1160,0.033,0.797,92,359
Wandsworth,Retailers - other,580,420,0.069,0.643,62,427
Wandsworth,Retailers - supermarkets/hypermarkets,78,74,0.014,0.919,4,475
Wandsworth,School/college/university,76,70,0.0,0.943,6,359
Wandsworth,Takeaway/sandwich shop,194,165,0.055,0.673,29,316
Westminster,All food businesses,5754,5304,0.064,0.704,154,478
Westminster,Distributors/Transporters,21,7,0.286,0.571,4,422
Westminster,Hospitals/Childcare/Caring Premises,32,26,0.0,0.923,0,331
Westminster,Hotel/bed & breakfast/guest house,263,257,0.031,0.79,3,465
Westminster,Importers/Exporters,13,1,0.0,1.0,0,1873
Westminster,Manufacturers/packers,40,23,0.13,0.739,5,452
Westminster,Mobile caterer,49,37,0.0,0.838,5,550
Westminster,Other catering premises,246,222,0.005,0.856,11,551
Westminster,Pub/bar/nightclub,158,148,0.047,0.764,5,464
Westminster,Restaurant/Cafe/Canteen,3532,3423,0.068,0.689,69,430
Westminster,Retailers - other,889,678,0.091,0.628,28,690
Westminster,Retailers - supermarkets/hypermarkets,86,85,0.024,0.882,1,694
Westminster,School/college/university,134,131,0.008,0.893,3,387
Westminster,Takeaway/sandwich shop,291,266,0.071,0.658,20,495
