code,area,premises_category,rateable_value_per_m2,count,floorspace_thousand_m2
E09000007,Camden,Hairdressing/Beauty Salons,363.0,90.0,8.0
E09000007,Camden,Cafes,377.0,230.0,21.0
E09000007,Camden,Restaurants,421.0,650.0,117.0
E09000007,Camden,Takeaway Food Outlet (Predominantly Off Premises),513.0,10.0,0.0
E09000007,Camden,Convenience Store,366.0,10.0,3.0
E09000007,Camden,Shops,402.0,3360.0,367.0
E09000007,Camden,Pharmacies,,0.0,0.0
E09000007,Camden,Offices (Inc Computer Centres),471.0,8980.0,2038.0
E09000007,Camden,Gymnasia/Fitness Suites,241.0,40.0,10.0
E09000007,Camden,Dance Schools & Centres,,,
E09000007,Camden,Veterinary Clinics / Animal Clinics,,,
E09000007,Camden,Funeral Parlours/Chapels Of Rest,,,
E09000007,Camden,Pet Grooming Parlours,,0.0,0.0
E09000007,Camden,Vehicle Repair Workshops & Garages,136.0,20.0,6.0
E09000007,Camden,Car Showrooms,,,
E09000007,Camden,Garden Centres,,,
E09000007,Camden,Studios,279.0,40.0,8.0
E09000007,Camden,Recording Studios,200.0,20.0,2.0
E09000007,Camden,Surgeries/Clinics/Heath Centres (Rental Valuation),338.0,110.0,18.0
E09000007,Camden,Betting Offices,455.0,40.0,4.0
E09000007,Camden,"Factories,Workshops And Warehouses(Inc Bakeries & Dairies)",152.0,590.0,120.0
E09000001,City of London,Hairdressing/Beauty Salons,436.0,20.0,1.0
E09000001,City of London,Cafes,545.0,50.0,6.0
E09000001,City of London,Restaurants,419.0,330.0,106.0
E09000001,City of London,Takeaway Food Outlet (Predominantly Off Premises),,0.0,0.0
E09000001,City of London,Convenience Store,393.0,10.0,3.0
E09000001,City of London,Shops,655.0,1000.0,139.0
E09000001,City of London,Pharmacies,,0.0,0.0
E09000001,City of London,Offices (Inc Computer Centres),461.0,13230.0,5135.0
E09000001,City of London,Gymnasia/Fitness Suites,357.0,40.0,11.0
E09000001,City of London,Dance Schools & Centres,,0.0,0.0
E09000001,City of London,Veterinary Clinics / Animal Clinics,,0.0,0.0
E09000001,City of London,Funeral Parlours/Chapels Of Rest,,0.0,0.0
E09000001,City of London,Pet Grooming Parlours,,0.0,0.0
E09000001,City of London,Vehicle Repair Workshops & Garages,,0.0,0.0
E09000001,City of London,Car Showrooms,,0.0,0.0
E09000001,City of London,Garden Centres,,0.0,0.0
E09000001,City of London,Studios,,0.0,0.0
E09000001,City of London,Recording Studios,,0.0,0.0
E09000001,City of London,Surgeries/Clinics/Heath Centres (Rental Valuation),340.0,50.0,8.0
E09000001,City of London,Betting Offices,431.0,10.0,2.0
E09000001,City of London,"Factories,Workshops And Warehouses(Inc Bakeries & Dairies)",38.0,10.0,5.0
E09000012,Hackney,Hairdressing/Beauty Salons,240.0,50.0,3.0
E09000012,Hackney,Cafes,257.0,140.0,12.0
E09000012,Hackney,Restaurants,299.0,290.0,50.0
E09000012,Hackney,Takeaway Food Outlet (Predominantly Off Premises),,,
E09000012,Hackney,Convenience Store,308.0,10.0,3.0
E09000012,Hackney,Shops,240.0,2670.0,240.0
E09000012,Hackney,Pharmacies,,,
E09000012,Hackney,Offices (Inc Computer Centres),358.0,4650.0,678.0
E09000012,Hackney,Gymnasia/Fitness Suites,200.0,40.0,8.0
E09000012,Hackney,Dance Schools & Centres,,,
E09000012,Hackney,Veterinary Clinics / Animal Clinics,,,
E09000012,Hackney,Funeral Parlours/Chapels Of Rest,,,
E09000012,Hackney,Pet Grooming Parlours,,0.0,0.0
E09000012,Hackney,Vehicle Repair Workshops & Garages,195.0,20.0,2.0
E09000012,Hackney,Car Showrooms,,,
E09000012,Hackney,Garden Centres,,,
E09000012,Hackney,Studios,290.0,20.0,2.0
E09000012,Hackney,Recording Studios,238.0,10.0,1.0
E09000012,Hackney,Surgeries/Clinics/Heath Centres (Rental Valuation),244.0,50.0,8.0
E09000012,Hackney,Betting Offices,235.0,40.0,4.0
E09000012,Hackney,"Factories,Workshops And Warehouses(Inc Bakeries & Dairies)",167.0,1410.0,212.0
E09000013,Hammersmith and Fulham,Hairdressing/Beauty Salons,250.0,30.0,2.0
E09000013,Hammersmith and Fulham,Cafes,336.0,80.0,7.0
E09000013,Hammersmith and Fulham,Restaurants,336.0,330.0,53.0
E09000013,Hammersmith and Fulham,Takeaway Food Outlet (Predominantly Off Premises),,0.0,0.0
E09000013,Hammersmith and Fulham,Convenience Store,243.0,20.0,9.0
E09000013,Hammersmith and Fulham,Shops,408.0,2490.0,310.0
E09000013,Hammersmith and Fulham,Pharmacies,,0.0,0.0
E09000013,Hammersmith and Fulham,Offices (Inc Computer Centres),392.0,3310.0,604.0
E09000013,Hammersmith and Fulham,Gymnasia/Fitness Suites,231.0,20.0,7.0
E09000013,Hammersmith and Fulham,Dance Schools & Centres,,,
E09000013,Hammersmith and Fulham,Veterinary Clinics / Animal Clinics,,0.0,0.0
E09000013,Hammersmith and Fulham,Funeral Parlours/Chapels Of Rest,,0.0,0.0
E09000013,Hammersmith and Fulham,Pet Grooming Parlours,,0.0,0.0
E09000013,Hammersmith and Fulham,Vehicle Repair Workshops & Garages,107.0,10.0,3.0
E09000013,Hammersmith and Fulham,Car Showrooms,,,
E09000013,Hammersmith and Fulham,Garden Centres,,,
E09000013,Hammersmith and Fulham,Studios,348.0,10.0,1.0
E09000013,Hammersmith and Fulham,Recording Studios,236.0,10.0,1.0
E09000013,Hammersmith and Fulham,Surgeries/Clinics/Heath Centres (Rental Valuation),273.0,70.0,8.0
E09000013,Hammersmith and Fulham,Betting Offices,286.0,10.0,1.0
E09000013,Hammersmith and Fulham,"Factories,Workshops And Warehouses(Inc Bakeries & Dairies)",152.0,620.0,127.0
E09000014,Haringey,Hairdressing/Beauty Salons,240.0,40.0,2.0
E09000014,Haringey,Cafes,222.0,60.0,5.0
E09000014,Haringey,Restaurants,216.0,130.0,21.0
E09000014,Haringey,Takeaway Food Outlet (Predominantly Off Premises),,0.0,0.0
E09000014,Haringey,Convenience Store,244.0,10.0,4.0
E09000014,Haringey,Shops,246.0,2640.0,228.0
E09000014,Haringey,Pharmacies,,,
E09000014,Haringey,Offices (Inc Computer Centres),159.0,1040.0,103.0
E09000014,Haringey,Gymnasia/Fitness Suites,102.0,20.0,6.0
E09000014,Haringey,Dance Schools & Centres,,0.0,0.0
E09000014,Haringey,Veterinary Clinics / Animal Clinics,,0.0,0.0
E09000014,Haringey,Funeral Parlours/Chapels Of Rest,,0.0,0.0
E09000014,Haringey,Pet Grooming Parlours,,0.0,0.0
E09000014,Haringey,Vehicle Repair Workshops & Garages,108.0,50.0,10.0
E09000014,Haringey,Car Showrooms,,,
E09000014,Haringey,Garden Centres,,,
E09000014,Haringey,Studios,136.0,10.0,2.0
E09000014,Haringey,Recording Studios,162.0,30.0,2.0
E09000014,Haringey,Surgeries/Clinics/Heath Centres (Rental Valuation),243.0,90.0,11.0
E09000014,Haringey,Betting Offices,270.0,50.0,6.0
E09000014,Haringey,"Factories,Workshops And Warehouses(Inc Bakeries & Dairies)",100.0,1300.0,428.0
E09000019,Islington,Hairdressing/Beauty Salons,297.0,60.0,3.0
E09000019,Islington,Cafes,281.0,170.0,15.0
E09000019,Islington,Restaurants,305.0,350.0,60.0
E09000019,Islington,Takeaway Food Outlet (Predominantly Off Premises),,,
E09000019,Islington,Convenience Store,290.0,10.0,5.0
E09000019,Islington,Shops,263.0,2570.0,253.0
E09000019,Islington,Pharmacies,,,
E09000019,Islington,Offices (Inc Computer Centres),357.0,5030.0,1217.0
E09000019,Islington,Gymnasia/Fitness Suites,182.0,30.0,8.0
E09000019,Islington,Dance Schools & Centres,,,
E09000019,Islington,Veterinary Clinics / Animal Clinics,,,
E09000019,Islington,Funeral Parlours/Chapels Of Rest,,0.0,0.0
E09000019,Islington,Pet Grooming Parlours,,0.0,0.0
E09000019,Islington,Vehicle Repair Workshops & Garages,76.0,30.0,8.0
E09000019,Islington,Car Showrooms,,0.0,0.0
E09000019,Islington,Garden Centres,,,
E09000019,Islington,Studios,203.0,10.0,1.0
E09000019,Islington,Recording Studios,248.0,20.0,2.0
E09000019,Islington,Surgeries/Clinics/Heath Centres (Rental Valuation),224.0,50.0,7.0
E09000019,Islington,Betting Offices,274.0,30.0,4.0
E09000019,Islington,"Factories,Workshops And Warehouses(Inc Bakeries & Dairies)",127.0,440.0,145.0
E09000020,Kensington and Chelsea,Hairdressing/Beauty Salons,416.0,70.0,5.0
E09000020,Kensington and Chelsea,Cafes,527.0,60.0,5.0
E09000020,Kensington and Chelsea,Restaurants,513.0,450.0,86.0
E09000020,Kensington and Chelsea,Takeaway Food Outlet (Predominantly Off Premises),,0.0,0.0
E09000020,Kensington and Chelsea,Convenience Store,352.0,10.0,3.0
E09000020,Kensington and Chelsea,Shops,590.0,2710.0,321.0
E09000020,Kensington and Chelsea,Pharmacies,,0.0,0.0
E09000020,Kensington and Chelsea,Offices (Inc Computer Centres),439.0,2840.0,400.0
E09000020,Kensington and Chelsea,Gymnasia/Fitness Suites,346.0,30.0,6.0
E09000020,Kensington and Chelsea,Dance Schools & Centres,,0.0,0.0
E09000020,Kensington and Chelsea,Veterinary Clinics / Animal Clinics,,,
E09000020,Kensington and Chelsea,Funeral Parlours/Chapels Of Rest,,0.0,0.0
E09000020,Kensington and Chelsea,Pet Grooming Parlours,,0.0,0.0
E09000020,Kensington and Chelsea,Vehicle Repair Workshops & Garages,135.0,20.0,3.0
E09000020,Kensington and Chelsea,Car Showrooms,,0.0,0.0
E09000020,Kensington and Chelsea,Garden Centres,,,
E09000020,Kensington and Chelsea,Studios,477.0,30.0,1.0
E09000020,Kensington and Chelsea,Recording Studios,,,
E09000020,Kensington and Chelsea,Surgeries/Clinics/Heath Centres (Rental Valuation),412.0,100.0,17.0
E09000020,Kensington and Chelsea,Betting Offices,347.0,10.0,1.0
E09000020,Kensington and Chelsea,"Factories,Workshops And Warehouses(Inc Bakeries & Dairies)",184.0,400.0,46.0
E09000022,Lambeth,Hairdressing/Beauty Salons,271.0,30.0,2.0
E09000022,Lambeth,Cafes,350.0,100.0,8.0
E09000022,Lambeth,Restaurants,382.0,210.0,40.0
E09000022,Lambeth,Takeaway Food Outlet (Predominantly Off Premises),340.0,10.0,0.0
E09000022,Lambeth,Convenience Store,271.0,40.0,14.0
E09000022,Lambeth,Shops,253.0,2810.0,257.0
E09000022,Lambeth,Pharmacies,,,
E09000022,Lambeth,Offices (Inc Computer Centres),294.0,2000.0,492.0
E09000022,Lambeth,Gymnasia/Fitness Suites,180.0,20.0,6.0
E09000022,Lambeth,Dance Schools & Centres,,,
E09000022,Lambeth,Veterinary Clinics / Animal Clinics,,,
E09000022,Lambeth,Funeral Parlours/Chapels Of Rest,,0.0,0.0
E09000022,Lambeth,Pet Grooming Parlours,,0.0,0.0
E09000022,Lambeth,Vehicle Repair Workshops & Garages,137.0,20.0,6.0
E09000022,Lambeth,Car Showrooms,,0.0,0.0
E09000022,Lambeth,Garden Centres,,,
E09000022,Lambeth,Studios,109.0,30.0,1.0
E09000022,Lambeth,Recording Studios,,,
E09000022,Lambeth,Surgeries/Clinics/Heath Centres (Rental Valuation),240.0,70.0,11.0
E09000022,Lambeth,Betting Offices,230.0,10.0,1.0
E09000022,Lambeth,"Factories,Workshops And Warehouses(Inc Bakeries & Dairies)",144.0,890.0,213.0
E09000023,Lewisham,Hairdressing/Beauty Salons,167.0,70.0,4.0
E09000023,Lewisham,Cafes,164.0,70.0,6.0
E09000023,Lewisham,Restaurants,169.0,140.0,21.0
E09000023,Lewisham,Takeaway Food Outlet (Predominantly Off Premises),,,
E09000023,Lewisham,Convenience Store,162.0,30.0,7.0
E09000023,Lewisham,Shops,153.0,2420.0,231.0
E09000023,Lewisham,Pharmacies,,,
E09000023,Lewisham,Offices (Inc Computer Centres),141.0,740.0,87.0
E09000023,Lewisham,Gymnasia/Fitness Suites,104.0,10.0,5.0
E09000023,Lewisham,Dance Schools & Centres,,,
E09000023,Lewisham,Veterinary Clinics / Animal Clinics,,,
E09000023,Lewisham,Funeral Parlours/Chapels Of Rest,,0.0,0.0
E09000023,Lewisham,Pet Grooming Parlours,,0.0,0.0
E09000023,Lewisham,Vehicle Repair Workshops & Garages,92.0,50.0,8.0
E09000023,Lewisham,Car Showrooms,119.0,10.0,8.0
E09000023,Lewisham,Garden Centres,,,
E09000023,Lewisham,Studios,45.0,20.0,7.0
E09000023,Lewisham,Recording Studios,,,
E09000023,Lewisham,Surgeries/Clinics/Heath Centres (Rental Valuation),192.0,70.0,13.0
E09000023,Lewisham,Betting Offices,150.0,30.0,4.0
E09000023,Lewisham,"Factories,Workshops And Warehouses(Inc Bakeries & Dairies)",106.0,980.0,207.0
E09000025,Newham,Hairdressing/Beauty Salons,235.0,50.0,3.0
E09000025,Newham,Cafes,303.0,80.0,9.0
E09000025,Newham,Restaurants,285.0,150.0,34.0
E09000025,Newham,Takeaway Food Outlet (Predominantly Off Premises),,,
E09000025,Newham,Convenience Store,228.0,10.0,3.0
E09000025,Newham,Shops,324.0,3310.0,351.0
E09000025,Newham,Pharmacies,,,
E09000025,Newham,Offices (Inc Computer Centres),217.0,1590.0,328.0
E09000025,Newham,Gymnasia/Fitness Suites,114.0,20.0,7.0
E09000025,Newham,Dance Schools & Centres,,,
E09000025,Newham,Veterinary Clinics / Animal Clinics,,0.0,0.0
E09000025,Newham,Funeral Parlours/Chapels Of Rest,,,
E09000025,Newham,Pet Grooming Parlours,,0.0,0.0
E09000025,Newham,Vehicle Repair Workshops & Garages,93.0,90.0,14.0
E09000025,Newham,Car Showrooms,102.0,10.0,9.0
E09000025,Newham,Garden Centres,,0.0,0.0
E09000025,Newham,Studios,,0.0,0.0
E09000025,Newham,Recording Studios,,,
E09000025,Newham,Surgeries/Clinics/Heath Centres (Rental Valuation),208.0,70.0,13.0
E09000025,Newham,Betting Offices,215.0,40.0,5.0
E09000025,Newham,"Factories,Workshops And Warehouses(Inc Bakeries & Dairies)",102.0,670.0,411.0
E09000028,Southwark,Hairdressing/Beauty Salons,298.0,40.0,2.0
E09000028,Southwark,Cafes,337.0,170.0,17.0
E09000028,Southwark,Restaurants,352.0,340.0,75.0
E09000028,Southwark,Takeaway Food Outlet (Predominantly Off Premises),,,
E09000028,Southwark,Convenience Store,264.0,40.0,14.0
E09000028,Southwark,Shops,261.0,2850.0,252.0
E09000028,Southwark,Pharmacies,,0.0,0.0
E09000028,Southwark,Offices (Inc Computer Centres),391.0,5130.0,1141.0
E09000028,Southwark,Gymnasia/Fitness Suites,192.0,30.0,8.0
E09000028,Southwark,Dance Schools & Centres,,,
E09000028,Southwark,Veterinary Clinics / Animal Clinics,,,
E09000028,Southwark,Funeral Parlours/Chapels Of Rest,,,
E09000028,Southwark,Pet Grooming Parlours,,0.0,0.0
E09000028,Southwark,Vehicle Repair Workshops & Garages,136.0,50.0,12.0
E09000028,Southwark,Car Showrooms,,0.0,0.0
E09000028,Southwark,Garden Centres,,,
E09000028,Southwark,Studios,233.0,50.0,3.0
E09000028,Southwark,Recording Studios,,,
E09000028,Southwark,Surgeries/Clinics/Heath Centres (Rental Valuation),368.0,70.0,17.0
E09000028,Southwark,Betting Offices,222.0,20.0,2.0
E09000028,Southwark,"Factories,Workshops And Warehouses(Inc Bakeries & Dairies)",145.0,1330.0,387.0
E09000030,Tower Hamlets,Hairdressing/Beauty Salons,303.0,80.0,4.0
E09000030,Tower Hamlets,Cafes,364.0,190.0,18.0
E09000030,Tower Hamlets,Restaurants,322.0,440.0,98.0
E09000030,Tower Hamlets,Takeaway Food Outlet (Predominantly Off Premises),663.0,20.0,1.0
E09000030,Tower Hamlets,Convenience Store,285.0,20.0,8.0
E09000030,Tower Hamlets,Shops,323.0,3000.0,280.0
E09000030,Tower Hamlets,Pharmacies,,,
E09000030,Tower Hamlets,Offices (Inc Computer Centres),277.0,6300.0,2067.0
E09000030,Tower Hamlets,Gymnasia/Fitness Suites,196.0,60.0,17.0
E09000030,Tower Hamlets,Dance Schools & Centres,,,
E09000030,Tower Hamlets,Veterinary Clinics / Animal Clinics,,,
E09000030,Tower Hamlets,Funeral Parlours/Chapels Of Rest,,,
E09000030,Tower Hamlets,Pet Grooming Parlours,,0.0,0.0
E09000030,Tower Hamlets,Vehicle Repair Workshops & Garages,153.0,80.0,16.0
E09000030,Tower Hamlets,Car Showrooms,324.0,10.0,2.0
E09000030,Tower Hamlets,Garden Centres,,0.0,0.0
E09000030,Tower Hamlets,Studios,199.0,60.0,4.0
E09000030,Tower Hamlets,Recording Studios,275.0,10.0,1.0
E09000030,Tower Hamlets,Surgeries/Clinics/Heath Centres (Rental Valuation),265.0,70.0,14.0
E09000030,Tower Hamlets,Betting Offices,268.0,40.0,5.0
E09000030,Tower Hamlets,"Factories,Workshops And Warehouses(Inc Bakeries & Dairies)",139.0,1660.0,278.0
E09000032,Wandsworth,Hairdressing/Beauty Salons,247.0,120.0,8.0
E09000032,Wandsworth,Cafes,259.0,110.0,9.0
E09000032,Wandsworth,Restaurants,243.0,370.0,65.0
E09000032,Wandsworth,Takeaway Food Outlet (Predominantly Off Premises),185.0,10.0,1.0
E09000032,Wandsworth,Convenience Store,238.0,30.0,11.0
E09000032,Wandsworth,Shops,254.0,2640.0,278.0
E09000032,Wandsworth,Pharmacies,197.0,50.0,8.0
E09000032,Wandsworth,Offices (Inc Computer Centres),269.0,1710.0,285.0
E09000032,Wandsworth,Gymnasia/Fitness Suites,178.0,40.0,9.0
E09000032,Wandsworth,Dance Schools & Centres,,,
E09000032,Wandsworth,Veterinary Clinics / Animal Clinics,,,
E09000032,Wandsworth,Funeral Parlours/Chapels Of Rest,,0.0,0.0
E09000032,Wandsworth,Pet Grooming Parlours,,0.0,0.0
E09000032,Wandsworth,Vehicle Repair Workshops & Garages,106.0,50.0,20.0
E09000032,Wandsworth,Car Showrooms,169.0,10.0,11.0
E09000032,Wandsworth,Garden Centres,,,
E09000032,Wandsworth,Studios,,,
E09000032,Wandsworth,Recording Studios,122.0,10.0,1.0
E09000032,Wandsworth,Surgeries/Clinics/Heath Centres (Rental Valuation),270.0,110.0,16.0
E09000032,Wandsworth,Betting Offices,300.0,40.0,4.0
E09000032,Wandsworth,"Factories,Workshops And Warehouses(Inc Bakeries & Dairies)",125.0,1030.0,280.0
E09000033,Westminster,Hairdressing/Beauty Salons,472.0,90.0,9.0
E09000033,Westminster,Cafes,570.0,250.0,25.0
E09000033,Westminster,Restaurants,567.0,1420.0,385.0
E09000033,Westminster,Takeaway Food Outlet (Predominantly Off Premises),,,
E09000033,Westminster,Convenience Store,404.0,30.0,13.0
E09000033,Westminster,Shops,838.0,5410.0,890.0
E09000033,Westminster,Pharmacies,514.0,10.0,1.0
E09000033,Westminster,Offices (Inc Computer Centres),621.0,20700.0,4439.0
E09000033,Westminster,Gymnasia/Fitness Suites,349.0,50.0,14.0
E09000033,Westminster,Dance Schools & Centres,254.0,10.0,4.0
E09000033,Westminster,Veterinary Clinics / Animal Clinics,,,
E09000033,Westminster,Funeral Parlours/Chapels Of Rest,,0.0,0.0
E09000033,Westminster,Pet Grooming Parlours,,0.0,0.0
E09000033,Westminster,Vehicle Repair Workshops & Garages,253.0,10.0,1.0
E09000033,Westminster,Car Showrooms,727.0,10.0,2.0
E09000033,Westminster,Garden Centres,,,
E09000033,Westminster,Studios,481.0,120.0,6.0
E09000033,Westminster,Recording Studios,228.0,20.0,12.0
E09000033,Westminster,Surgeries/Clinics/Heath Centres (Rental Valuation),613.0,680.0,92.0
E09000033,Westminster,Betting Offices,454.0,40.0,6.0
E09000033,Westminster,"Factories,Workshops And Warehouses(Inc Bakeries & Dairies)",258.0,150.0,19.0
E09000002,Barking and Dagenham,Hairdressing/Beauty Salons,,,
E09000002,Barking and Dagenham,Cafes,135.0,20.0,2.0
E09000002,Barking and Dagenham,Restaurants,165.0,20.0,3.0
E09000002,Barking and Dagenham,Takeaway Food Outlet (Predominantly Off Premises),,,
E09000002,Barking and Dagenham,Convenience Store,176.0,10.0,3.0
E09000002,Barking and Dagenham,Shops,153.0,1380.0,136.0
E09000002,Barking and Dagenham,Pharmacies,,,
E09000002,Barking and Dagenham,Offices (Inc Computer Centres),131.0,800.0,69.0
E09000002,Barking and Dagenham,Gymnasia/Fitness Suites,,,
E09000002,Barking and Dagenham,Dance Schools & Centres,,,
E09000002,Barking and Dagenham,Veterinary Clinics / Animal Clinics,,,
E09000002,Barking and Dagenham,Funeral Parlours/Chapels Of Rest,,0.0,0.0
E09000002,Barking and Dagenham,Pet Grooming Parlours,,0.0,0.0
E09000002,Barking and Dagenham,Vehicle Repair Workshops & Garages,82.0,20.0,3.0
E09000002,Barking and Dagenham,Car Showrooms,,,
E09000002,Barking and Dagenham,Garden Centres,,,
E09000002,Barking and Dagenham,Studios,,,
E09000002,Barking and Dagenham,Recording Studios,,0.0,0.0
E09000002,Barking and Dagenham,Surgeries/Clinics/Heath Centres (Rental Valuation),167.0,40.0,7.0
E09000002,Barking and Dagenham,Betting Offices,,,
E09000002,Barking and Dagenham,"Factories,Workshops And Warehouses(Inc Bakeries & Dairies)",71.0,1060.0,634.0
E09000003,Barnet,Hairdressing/Beauty Salons,263.0,70.0,3.0
E09000003,Barnet,Cafes,225.0,50.0,4.0
E09000003,Barnet,Restaurants,230.0,220.0,32.0
E09000003,Barnet,Takeaway Food Outlet (Predominantly Off Premises),,,
E09000003,Barnet,Convenience Store,130.0,10.0,2.0
E09000003,Barnet,Shops,247.0,3160.0,305.0
E09000003,Barnet,Pharmacies,,0.0,0.0
E09000003,Barnet,Offices (Inc Computer Centres),181.0,1950.0,228.0
E09000003,Barnet,Gymnasia/Fitness Suites,111.0,20.0,5.0
E09000003,Barnet,Dance Schools & Centres,,,
E09000003,Barnet,Veterinary Clinics / Animal Clinics,,,
E09000003,Barnet,Funeral Parlours/Chapels Of Rest,,0.0,0.0
E09000003,Barnet,Pet Grooming Parlours,,0.0,0.0
E09000003,Barnet,Vehicle Repair Workshops & Garages,106.0,120.0,22.0
E09000003,Barnet,Car Showrooms,138.0,30.0,34.0
E09000003,Barnet,Garden Centres,14.0,10.0,9.0
E09000003,Barnet,Studios,,0.0,0.0
E09000003,Barnet,Recording Studios,94.0,10.0,0.0
E09000003,Barnet,Surgeries/Clinics/Heath Centres (Rental Valuation),236.0,160.0,17.0
E09000003,Barnet,Betting Offices,233.0,30.0,3.0
E09000003,Barnet,"Factories,Workshops And Warehouses(Inc Bakeries & Dairies)",96.0,370.0,181.0
E09000004,Bexley,Hairdressing/Beauty Salons,140.0,50.0,3.0
E09000004,Bexley,Cafes,141.0,90.0,7.0
E09000004,Bexley,Restaurants,123.0,120.0,18.0
E09000004,Bexley,Takeaway Food Outlet (Predominantly Off Premises),141.0,10.0,1.0
E09000004,Bexley,Convenience Store,153.0,20.0,8.0
E09000004,Bexley,Shops,128.0,1610.0,178.0
E09000004,Bexley,Pharmacies,,,
E09000004,Bexley,Offices (Inc Computer Centres),105.0,500.0,86.0
E09000004,Bexley,Gymnasia/Fitness Suites,76.0,10.0,2.0
E09000004,Bexley,Dance Schools & Centres,,,
E09000004,Bexley,Veterinary Clinics / Animal Clinics,,,
E09000004,Bexley,Funeral Parlours/Chapels Of Rest,,0.0,0.0
E09000004,Bexley,Pet Grooming Parlours,,0.0,0.0
E09000004,Bexley,Vehicle Repair Workshops & Garages,93.0,80.0,23.0
E09000004,Bexley,Car Showrooms,97.0,20.0,20.0
E09000004,Bexley,Garden Centres,,,
E09000004,Bexley,Studios,,0.0,0.0
E09000004,Bexley,Recording Studios,,0.0,0.0
E09000004,Bexley,Surgeries/Clinics/Heath Centres (Rental Valuation),164.0,60.0,9.0
E09000004,Bexley,Betting Offices,139.0,20.0,3.0
E09000004,Bexley,"Factories,Workshops And Warehouses(Inc Bakeries & Dairies)",83.0,960.0,624.0
E09000005,Brent,Hairdressing/Beauty Salons,261.0,50.0,3.0
E09000005,Brent,Cafes,224.0,60.0,6.0
E09000005,Brent,Restaurants,203.0,170.0,29.0
E09000005,Brent,Takeaway Food Outlet (Predominantly Off Premises),276.0,10.0,0.0
E09000005,Brent,Convenience Store,220.0,20.0,7.0
E09000005,Brent,Shops,230.0,2700.0,240.0
E09000005,Brent,Pharmacies,,,
E09000005,Brent,Offices (Inc Computer Centres),180.0,1700.0,200.0
E09000005,Brent,Gymnasia/Fitness Suites,164.0,10.0,4.0
E09000005,Brent,Dance Schools & Centres,,0.0,0.0
E09000005,Brent,Veterinary Clinics / Animal Clinics,,,
E09000005,Brent,Funeral Parlours/Chapels Of Rest,,0.0,0.0
E09000005,Brent,Pet Grooming Parlours,,0.0,0.0
E09000005,Brent,Vehicle Repair Workshops & Garages,100.0,80.0,19.0
E09000005,Brent,Car Showrooms,134.0,20.0,31.0
E09000005,Brent,Garden Centres,,,
E09000005,Brent,Studios,106.0,10.0,0.0
E09000005,Brent,Recording Studios,140.0,10.0,4.0
E09000005,Brent,Surgeries/Clinics/Heath Centres (Rental Valuation),226.0,110.0,12.0
E09000005,Brent,Betting Offices,254.0,40.0,4.0
E09000005,Brent,"Factories,Workshops And Warehouses(Inc Bakeries & Dairies)",96.0,1590.0,930.0
E09000006,Bromley,Hairdressing/Beauty Salons,177.0,40.0,2.0
E09000006,Bromley,Cafes,176.0,50.0,4.0
E09000006,Bromley,Restaurants,162.0,190.0,38.0
E09000006,Bromley,Takeaway Food Outlet (Predominantly Off Premises),,,
E09000006,Bromley,Convenience Store,173.0,30.0,11.0
E09000006,Bromley,Shops,181.0,2590.0,268.0
E09000006,Bromley,Pharmacies,,0.0,0.0
E09000006,Bromley,Offices (Inc Computer Centres),157.0,1380.0,182.0
E09000006,Bromley,Gymnasia/Fitness Suites,143.0,10.0,3.0
E09000006,Bromley,Dance Schools & Centres,99.0,10.0,1.0
E09000006,Bromley,Veterinary Clinics / Animal Clinics,,,
E09000006,Bromley,Funeral Parlours/Chapels Of Rest,,0.0,0.0
E09000006,Bromley,Pet Grooming Parlours,,0.0,0.0
E09000006,Bromley,Vehicle Repair Workshops & Garages,89.0,60.0,15.0
E09000006,Bromley,Car Showrooms,104.0,30.0,33.0
E09000006,Bromley,Garden Centres,24.0,10.0,25.0
E09000006,Bromley,Studios,,0.0,0.0
E09000006,Bromley,Recording Studios,,,
E09000006,Bromley,Surgeries/Clinics/Heath Centres (Rental Valuation),191.0,100.0,13.0
E09000006,Bromley,Betting Offices,221.0,10.0,1.0
E09000006,Bromley,"Factories,Workshops And Warehouses(Inc Bakeries & Dairies)",91.0,670.0,338.0
E09000008,Croydon,Hairdressing/Beauty Salons,206.0,40.0,2.0
E09000008,Croydon,Cafes,153.0,30.0,3.0
E09000008,Croydon,Restaurants,152.0,160.0,29.0
E09000008,Croydon,Takeaway Food Outlet (Predominantly Off Premises),146.0,10.0,0.0
E09000008,Croydon,Convenience Store,151.0,30.0,12.0
E09000008,Croydon,Shops,155.0,3170.0,320.0
E09000008,Croydon,Pharmacies,,0.0,0.0
E09000008,Croydon,Offices (Inc Computer Centres),181.0,1830.0,403.0
E09000008,Croydon,Gymnasia/Fitness Suites,103.0,10.0,4.0
E09000008,Croydon,Dance Schools & Centres,,,
E09000008,Croydon,Veterinary Clinics / Animal Clinics,,0.0,0.0
E09000008,Croydon,Funeral Parlours/Chapels Of Rest,,0.0,0.0
E09000008,Croydon,Pet Grooming Parlours,,0.0,0.0
E09000008,Croydon,Vehicle Repair Workshops & Garages,103.0,80.0,19.0
E09000008,Croydon,Car Showrooms,114.0,20.0,27.0
E09000008,Croydon,Garden Centres,,,
E09000008,Croydon,Studios,,0.0,0.0
E09000008,Croydon,Recording Studios,,,
E09000008,Croydon,Surgeries/Clinics/Heath Centres (Rental Valuation),173.0,120.0,16.0
E09000008,Croydon,Betting Offices,244.0,10.0,1.0
E09000008,Croydon,"Factories,Workshops And Warehouses(Inc Bakeries & Dairies)",99.0,860.0,429.0
E09000009,Ealing,Hairdressing/Beauty Salons,212.0,40.0,2.0
E09000009,Ealing,Cafes,208.0,80.0,7.0
E09000009,Ealing,Restaurants,197.0,140.0,31.0
E09000009,Ealing,Takeaway Food Outlet (Predominantly Off Premises),,,
E09000009,Ealing,Convenience Store,214.0,20.0,6.0
E09000009,Ealing,Shops,229.0,3060.0,292.0
E09000009,Ealing,Pharmacies,,,
E09000009,Ealing,Offices (Inc Computer Centres),195.0,2060.0,238.0
E09000009,Ealing,Gymnasia/Fitness Suites,133.0,20.0,5.0
E09000009,Ealing,Dance Schools & Centres,,0.0,0.0
E09000009,Ealing,Veterinary Clinics / Animal Clinics,,0.0,0.0
E09000009,Ealing,Funeral Parlours/Chapels Of Rest,,0.0,0.0
E09000009,Ealing,Pet Grooming Parlours,,0.0,0.0
E09000009,Ealing,Vehicle Repair Workshops & Garages,72.0,60.0,33.0
E09000009,Ealing,Car Showrooms,158.0,10.0,14.0
E09000009,Ealing,Garden Centres,,,
E09000009,Ealing,Studios,,,
E09000009,Ealing,Recording Studios,130.0,10.0,2.0
E09000009,Ealing,Surgeries/Clinics/Heath Centres (Rental Valuation),256.0,120.0,17.0
E09000009,Ealing,Betting Offices,244.0,20.0,2.0
E09000009,Ealing,"Factories,Workshops And Warehouses(Inc Bakeries & Dairies)",90.0,2210.0,1387.0
E09000010,Enfield,Hairdressing/Beauty Salons,215.0,160.0,9.0
E09000010,Enfield,Cafes,186.0,110.0,9.0
E09000010,Enfield,Restaurants,175.0,180.0,31.0
E09000010,Enfield,Takeaway Food Outlet (Predominantly Off Premises),,,
E09000010,Enfield,Convenience Store,,,
E09000010,Enfield,Shops,182.0,2160.0,218.0
E09000010,Enfield,Pharmacies,,,
E09000010,Enfield,Offices (Inc Computer Centres),147.0,1090.0,111.0
E09000010,Enfield,Gymnasia/Fitness Suites,106.0,20.0,5.0
E09000010,Enfield,Dance Schools & Centres,,,
E09000010,Enfield,Veterinary Clinics / Animal Clinics,,,
E09000010,Enfield,Funeral Parlours/Chapels Of Rest,,,
E09000010,Enfield,Pet Grooming Parlours,,0.0,0.0
E09000010,Enfield,Vehicle Repair Workshops & Garages,78.0,90.0,20.0
E09000010,Enfield,Car Showrooms,152.0,20.0,14.0
E09000010,Enfield,Garden Centres,26.0,20.0,54.0
E09000010,Enfield,Studios,,,
E09000010,Enfield,Recording Studios,,,
E09000010,Enfield,Surgeries/Clinics/Heath Centres (Rental Valuation),193.0,90.0,11.0
E09000010,Enfield,Betting Offices,214.0,70.0,7.0
E09000010,Enfield,"Factories,Workshops And Warehouses(Inc Bakeries & Dairies)",79.0,1100.0,751.0
E09000011,Greenwich,Hairdressing/Beauty Salons,183.0,50.0,3.0
E09000011,Greenwich,Cafes,162.0,50.0,5.0
E09000011,Greenwich,Restaurants,200.0,110.0,22.0
E09000011,Greenwich,Takeaway Food Outlet (Predominantly Off Premises),,,
E09000011,Greenwich,Convenience Store,170.0,20.0,9.0
E09000011,Greenwich,Shops,161.0,1840.0,193.0
E09000011,Greenwich,Pharmacies,,0.0,0.0
E09000011,Greenwich,Offices (Inc Computer Centres),146.0,970.0,156.0
E09000011,Greenwich,Gymnasia/Fitness Suites,115.0,10.0,4.0
E09000011,Greenwich,Dance Schools & Centres,,,
E09000011,Greenwich,Veterinary Clinics / Animal Clinics,,,
E09000011,Greenwich,Funeral Parlours/Chapels Of Rest,,0.0,0.0
E09000011,Greenwich,Pet Grooming Parlours,,0.0,0.0
E09000011,Greenwich,Vehicle Repair Workshops & Garages,90.0,50.0,13.0
E09000011,Greenwich,Car Showrooms,129.0,10.0,6.0
E09000011,Greenwich,Garden Centres,,,
E09000011,Greenwich,Studios,,,
E09000011,Greenwich,Recording Studios,119.0,10.0,0.0
E09000011,Greenwich,Surgeries/Clinics/Heath Centres (Rental Valuation),183.0,70.0,10.0
E09000011,Greenwich,Betting Offices,169.0,20.0,2.0
E09000011,Greenwich,"Factories,Workshops And Warehouses(Inc Bakeries & Dairies)",89.0,860.0,410.0
E09000015,Harrow,Hairdressing/Beauty Salons,205.0,40.0,2.0
E09000015,Harrow,Cafes,237.0,20.0,2.0
E09000015,Harrow,Restaurants,196.0,150.0,24.0
E09000015,Harrow,Takeaway Food Outlet (Predominantly Off Premises),,,
E09000015,Harrow,Convenience Store,163.0,10.0,2.0
E09000015,Harrow,Shops,214.0,1830.0,178.0
E09000015,Harrow,Pharmacies,,,
E09000015,Harrow,Offices (Inc Computer Centres),150.0,1630.0,149.0
E09000015,Harrow,Gymnasia/Fitness Suites,92.0,10.0,3.0
E09000015,Harrow,Dance Schools & Centres,,,
E09000015,Harrow,Veterinary Clinics / Animal Clinics,,,
E09000015,Harrow,Funeral Parlours/Chapels Of Rest,,,
E09000015,Harrow,Pet Grooming Parlours,,,
E09000015,Harrow,Vehicle Repair Workshops & Garages,95.0,30.0,5.0
E09000015,Harrow,Car Showrooms,119.0,10.0,2.0
E09000015,Harrow,Garden Centres,,,
E09000015,Harrow,Studios,,0.0,0.0
E09000015,Harrow,Recording Studios,,0.0,0.0
E09000015,Harrow,Surgeries/Clinics/Heath Centres (Rental Valuation),201.0,90.0,10.0
E09000015,Harrow,Betting Offices,216.0,10.0,1.0
E09000015,Harrow,"Factories,Workshops And Warehouses(Inc Bakeries & Dairies)",93.0,390.0,164.0
E09000016,Havering,Hairdressing/Beauty Salons,207.0,10.0,0.0
E09000016,Havering,Cafes,93.0,10.0,2.0
E09000016,Havering,Restaurants,208.0,70.0,15.0
E09000016,Havering,Takeaway Food Outlet (Predominantly Off Premises),,,
E09000016,Havering,Convenience Store,181.0,10.0,3.0
E09000016,Havering,Shops,176.0,2030.0,225.0
E09000016,Havering,Pharmacies,,,
E09000016,Havering,Offices (Inc Computer Centres),149.0,840.0,106.0
E09000016,Havering,Gymnasia/Fitness Suites,75.0,10.0,5.0
E09000016,Havering,Dance Schools & Centres,,,
E09000016,Havering,Veterinary Clinics / Animal Clinics,,,
E09000016,Havering,Funeral Parlours/Chapels Of Rest,,0.0,0.0
E09000016,Havering,Pet Grooming Parlours,,0.0,0.0
E09000016,Havering,Vehicle Repair Workshops & Garages,52.0,20.0,9.0
E09000016,Havering,Car Showrooms,115.0,20.0,22.0
E09000016,Havering,Garden Centres,18.0,10.0,10.0
E09000016,Havering,Studios,,,
E09000016,Havering,Recording Studios,,0.0,0.0
E09000016,Havering,Surgeries/Clinics/Heath Centres (Rental Valuation),203.0,80.0,10.0
E09000016,Havering,Betting Offices,,0.0,0.0
E09000016,Havering,"Factories,Workshops And Warehouses(Inc Bakeries & Dairies)",79.0,1090.0,575.0
E09000017,Hillingdon,Hairdressing/Beauty Salons,217.0,40.0,2.0
E09000017,Hillingdon,Cafes,199.0,50.0,5.0
E09000017,Hillingdon,Restaurants,178.0,130.0,24.0
E09000017,Hillingdon,Takeaway Food Outlet (Predominantly Off Premises),,,
E09000017,Hillingdon,Convenience Store,210.0,10.0,3.0
E09000017,Hillingdon,Shops,187.0,2030.0,196.0
E09000017,Hillingdon,Pharmacies,,0.0,0.0
E09000017,Hillingdon,Offices (Inc Computer Centres),219.0,2520.0,573.0
E09000017,Hillingdon,Gymnasia/Fitness Suites,111.0,10.0,4.0
E09000017,Hillingdon,Dance Schools & Centres,,,
E09000017,Hillingdon,Veterinary Clinics / Animal Clinics,,,
E09000017,Hillingdon,Funeral Parlours/Chapels Of Rest,,,
E09000017,Hillingdon,Pet Grooming Parlours,,,
E09000017,Hillingdon,Vehicle Repair Workshops & Garages,68.0,30.0,16.0
E09000017,Hillingdon,Car Showrooms,123.0,20.0,18.0
E09000017,Hillingdon,Garden Centres,,,
E09000017,Hillingdon,Studios,,,
E09000017,Hillingdon,Recording Studios,,0.0,0.0
E09000017,Hillingdon,Surgeries/Clinics/Heath Centres (Rental Valuation),180.0,80.0,12.0
E09000017,Hillingdon,Betting Offices,201.0,10.0,1.0
E09000017,Hillingdon,"Factories,Workshops And Warehouses(Inc Bakeries & Dairies)",105.0,1200.0,871.0
E09000018,Hounslow,Hairdressing/Beauty Salons,229.0,20.0,1.0
E09000018,Hounslow,Cafes,215.0,50.0,5.0
E09000018,Hounslow,Restaurants,209.0,80.0,16.0
E09000018,Hounslow,Takeaway Food Outlet (Predominantly Off Premises),,,
E09000018,Hounslow,Convenience Store,172.0,10.0,2.0
E09000018,Hounslow,Shops,218.0,1900.0,200.0
E09000018,Hounslow,Pharmacies,,0.0,0.0
E09000018,Hounslow,Offices (Inc Computer Centres),284.0,2070.0,494.0
E09000018,Hounslow,Gymnasia/Fitness Suites,124.0,20.0,5.0
E09000018,Hounslow,Dance Schools & Centres,,0.0,0.0
E09000018,Hounslow,Veterinary Clinics / Animal Clinics,,0.0,0.0
E09000018,Hounslow,Funeral Parlours/Chapels Of Rest,,0.0,0.0
E09000018,Hounslow,Pet Grooming Parlours,,0.0,0.0
E09000018,Hounslow,Vehicle Repair Workshops & Garages,93.0,20.0,10.0
E09000018,Hounslow,Car Showrooms,148.0,20.0,66.0
E09000018,Hounslow,Garden Centres,19.0,10.0,31.0
E09000018,Hounslow,Studios,349.0,20.0,0.0
E09000018,Hounslow,Recording Studios,193.0,10.0,2.0
E09000018,Hounslow,Surgeries/Clinics/Heath Centres (Rental Valuation),259.0,60.0,9.0
E09000018,Hounslow,Betting Offices,241.0,20.0,1.0
E09000018,Hounslow,"Factories,Workshops And Warehouses(Inc Bakeries & Dairies)",102.0,1020.0,808.0
E09000021,Kingston upon Thames,Hairdressing/Beauty Salons,240.0,100.0,6.0
E09000021,Kingston upon Thames,Cafes,246.0,90.0,7.0
E09000021,Kingston upon Thames,Restaurants,230.0,160.0,29.0
E09000021,Kingston upon Thames,Takeaway Food Outlet (Predominantly Off Premises),249.0,10.0,1.0
E09000021,Kingston upon Thames,Convenience Store,177.0,20.0,8.0
E09000021,Kingston upon Thames,Shops,247.0,1190.0,143.0
E09000021,Kingston upon Thames,Pharmacies,155.0,20.0,3.0
E09000021,Kingston upon Thames,Offices (Inc Computer Centres),192.0,1250.0,199.0
E09000021,Kingston upon Thames,Gymnasia/Fitness Suites,84.0,10.0,3.0
E09000021,Kingston upon Thames,Dance Schools & Centres,,,
E09000021,Kingston upon Thames,Veterinary Clinics / Animal Clinics,,0.0,0.0
E09000021,Kingston upon Thames,Funeral Parlours/Chapels Of Rest,,,
E09000021,Kingston upon Thames,Pet Grooming Parlours,,0.0,0.0
E09000021,Kingston upon Thames,Vehicle Repair Workshops & Garages,106.0,50.0,13.0
E09000021,Kingston upon Thames,Car Showrooms,106.0,10.0,4.0
E09000021,Kingston upon Thames,Garden Centres,,,
E09000021,Kingston upon Thames,Studios,,,
E09000021,Kingston upon Thames,Recording Studios,,0.0,0.0
E09000021,Kingston upon Thames,Surgeries/Clinics/Heath Centres (Rental Valuation),228.0,60.0,7.0
E09000021,Kingston upon Thames,Betting Offices,239.0,20.0,2.0
E09000021,Kingston upon Thames,"Factories,Workshops And Warehouses(Inc Bakeries & Dairies)",115.0,430.0,243.0
E09000024,Merton,Hairdressing/Beauty Salons,273.0,70.0,4.0
E09000024,Merton,Cafes,219.0,70.0,5.0
E09000024,Merton,Restaurants,228.0,140.0,22.0
E09000024,Merton,Takeaway Food Outlet (Predominantly Off Premises),185.0,10.0,1.0
E09000024,Merton,Convenience Store,207.0,20.0,8.0
E09000024,Merton,Shops,225.0,1330.0,118.0
E09000024,Merton,Pharmacies,164.0,30.0,3.0
E09000024,Merton,Offices (Inc Computer Centres),236.0,1240.0,169.0
E09000024,Merton,Gymnasia/Fitness Suites,137.0,10.0,5.0
E09000024,Merton,Dance Schools & Centres,,0.0,0.0
E09000024,Merton,Veterinary Clinics / Animal Clinics,,,
E09000024,Merton,Funeral Parlours/Chapels Of Rest,,0.0,0.0
E09000024,Merton,Pet Grooming Parlours,,0.0,0.0
E09000024,Merton,Vehicle Repair Workshops & Garages,132.0,70.0,18.0
E09000024,Merton,Car Showrooms,110.0,10.0,13.0
E09000024,Merton,Garden Centres,,,
E09000024,Merton,Studios,,0.0,0.0
E09000024,Merton,Recording Studios,,,
E09000024,Merton,Surgeries/Clinics/Heath Centres (Rental Valuation),212.0,60.0,8.0
E09000024,Merton,Betting Offices,211.0,30.0,3.0
E09000024,Merton,"Factories,Workshops And Warehouses(Inc Bakeries & Dairies)",95.0,760.0,521.0
E09000026,Redbridge,Hairdressing/Beauty Salons,199.0,30.0,2.0
E09000026,Redbridge,Cafes,240.0,20.0,1.0
E09000026,Redbridge,Restaurants,168.0,130.0,26.0
E09000026,Redbridge,Takeaway Food Outlet (Predominantly Off Premises),,,
E09000026,Redbridge,Convenience Store,260.0,10.0,1.0
E09000026,Redbridge,Shops,204.0,2490.0,241.0
E09000026,Redbridge,Pharmacies,,0.0,0.0
E09000026,Redbridge,Offices (Inc Computer Centres),144.0,1380.0,121.0
E09000026,Redbridge,Gymnasia/Fitness Suites,92.0,10.0,3.0
E09000026,Redbridge,Dance Schools & Centres,,0.0,0.0
E09000026,Redbridge,Veterinary Clinics / Animal Clinics,,,
E09000026,Redbridge,Funeral Parlours/Chapels Of Rest,,0.0,0.0
E09000026,Redbridge,Pet Grooming Parlours,,0.0,0.0
E09000026,Redbridge,Vehicle Repair Workshops & Garages,99.0,30.0,5.0
E09000026,Redbridge,Car Showrooms,91.0,20.0,13.0
E09000026,Redbridge,Garden Centres,,,
E09000026,Redbridge,Studios,,0.0,0.0
E09000026,Redbridge,Recording Studios,,0.0,0.0
E09000026,Redbridge,Surgeries/Clinics/Heath Centres (Rental Valuation),221.0,90.0,13.0
E09000026,Redbridge,Betting Offices,235.0,20.0,2.0
E09000026,Redbridge,"Factories,Workshops And Warehouses(Inc Bakeries & Dairies)",78.0,600.0,238.0
E09000027,Richmond upon Thames,Hairdressing/Beauty Salons,292.0,70.0,4.0
E09000027,Richmond upon Thames,Cafes,261.0,70.0,5.0
E09000027,Richmond upon Thames,Restaurants,228.0,210.0,30.0
E09000027,Richmond upon Thames,Takeaway Food Outlet (Predominantly Off Premises),245.0,10.0,0.0
E09000027,Richmond upon Thames,Convenience Store,212.0,30.0,9.0
E09000027,Richmond upon Thames,Shops,248.0,1780.0,157.0
E09000027,Richmond upon Thames,Pharmacies,196.0,40.0,4.0
E09000027,Richmond upon Thames,Offices (Inc Computer Centres),266.0,1520.0,194.0
E09000027,Richmond upon Thames,Gymnasia/Fitness Suites,178.0,20.0,6.0
E09000027,Richmond upon Thames,Dance Schools & Centres,,,
E09000027,Richmond upon Thames,Veterinary Clinics / Animal Clinics,,,
E09000027,Richmond upon Thames,Funeral Parlours/Chapels Of Rest,,0.0,0.0
E09000027,Richmond upon Thames,Pet Grooming Parlours,,0.0,0.0
E09000027,Richmond upon Thames,Vehicle Repair Workshops & Garages,129.0,50.0,14.0
E09000027,Richmond upon Thames,Car Showrooms,142.0,10.0,6.0
E09000027,Richmond upon Thames,Garden Centres,26.0,10.0,15.0
E09000027,Richmond upon Thames,Studios,,0.0,0.0
E09000027,Richmond upon Thames,Recording Studios,,0.0,0.0
E09000027,Richmond upon Thames,Surgeries/Clinics/Heath Centres (Rental Valuation),281.0,90.0,14.0
E09000027,Richmond upon Thames,Betting Offices,232.0,20.0,2.0
E09000027,Richmond upon Thames,"Factories,Workshops And Warehouses(Inc Bakeries & Dairies)",118.0,320.0,82.0
E09000029,Sutton,Hairdressing/Beauty Salons,182.0,20.0,1.0
E09000029,Sutton,Cafes,143.0,10.0,1.0
E09000029,Sutton,Restaurants,139.0,60.0,10.0
E09000029,Sutton,Takeaway Food Outlet (Predominantly Off Premises),,,
E09000029,Sutton,Convenience Store,166.0,10.0,4.0
E09000029,Sutton,Shops,152.0,1610.0,160.0
E09000029,Sutton,Pharmacies,,,
E09000029,Sutton,Offices (Inc Computer Centres),155.0,550.0,99.0
E09000029,Sutton,Gymnasia/Fitness Suites,114.0,10.0,3.0
E09000029,Sutton,Dance Schools & Centres,,,
E09000029,Sutton,Veterinary Clinics / Animal Clinics,,0.0,0.0
E09000029,Sutton,Funeral Parlours/Chapels Of Rest,,0.0,0.0
E09000029,Sutton,Pet Grooming Parlours,,0.0,0.0
E09000029,Sutton,Vehicle Repair Workshops & Garages,105.0,30.0,11.0
E09000029,Sutton,Car Showrooms,112.0,10.0,7.0
E09000029,Sutton,Garden Centres,,,
E09000029,Sutton,Studios,,0.0,0.0
E09000029,Sutton,Recording Studios,,0.0,0.0
E09000029,Sutton,Surgeries/Clinics/Heath Centres (Rental Valuation),243.0,70.0,9.0
E09000029,Sutton,Betting Offices,183.0,10.0,1.0
E09000029,Sutton,"Factories,Workshops And Warehouses(Inc Bakeries & Dairies)",109.0,500.0,305.0
E09000031,Waltham Forest,Hairdressing/Beauty Salons,230.0,30.0,1.0
E09000031,Waltham Forest,Cafes,175.0,80.0,7.0
E09000031,Waltham Forest,Restaurants,188.0,120.0,16.0
E09000031,Waltham Forest,Takeaway Food Outlet (Predominantly Off Premises),182.0,10.0,0.0
E09000031,Waltham Forest,Convenience Store,202.0,10.0,2.0
E09000031,Waltham Forest,Shops,193.0,2750.0,242.0
E09000031,Waltham Forest,Pharmacies,,0.0,0.0
E09000031,Waltham Forest,Offices (Inc Computer Centres),150.0,1020.0,76.0
E09000031,Waltham Forest,Gymnasia/Fitness Suites,92.0,20.0,7.0
E09000031,Waltham Forest,Dance Schools & Centres,,,
E09000031,Waltham Forest,Veterinary Clinics / Animal Clinics,,0.0,0.0
E09000031,Waltham Forest,Funeral Parlours/Chapels Of Rest,,0.0,0.0
E09000031,Waltham Forest,Pet Grooming Parlours,,0.0,0.0
E09000031,Waltham Forest,Vehicle Repair Workshops & Garages,107.0,40.0,8.0
E09000031,Waltham Forest,Car Showrooms,150.0,10.0,8.0
E09000031,Waltham Forest,Garden Centres,,0.0,0.0
E09000031,Waltham Forest,Studios,,,
E09000031,Waltham Forest,Recording Studios,,,
E09000031,Waltham Forest,Surgeries/Clinics/Heath Centres (Rental Valuation),184.0,50.0,10.0
E09000031,Waltham Forest,Betting Offices,241.0,20.0,1.0
E09000031,Waltham Forest,"Factories,Workshops And Warehouses(Inc Bakeries & Dairies)",97.0,1140.0,381.0
E12000007,London,Hairdressing/Beauty Salons,274.0,1760.0,107.0
E12000007,London,Cafes,310.0,2750.0,248.0
E12000007,London,Restaurants,362.0,8170.0,1656.0
E12000007,London,Takeaway Food Outlet (Predominantly Off Premises),266.0,130.0,9.0
E12000007,London,Convenience Store,232.0,540.0,199.0
E12000007,London,Shops,322.0,80470.0,8409.0
E12000007,London,Pharmacies,198.0,160.0,23.0
E12000007,London,Offices (Inc Computer Centres),406.0,103530.0,22868.0
E12000007,London,Gymnasia/Fitness Suites,183.0,660.0,201.0
E12000007,London,Dance Schools & Centres,163.0,60.0,26.0
E12000007,London,Veterinary Clinics / Animal Clinics,178.0,40.0,10.0
E12000007,London,Funeral Parlours/Chapels Of Rest,133.0,10.0,5.0
E12000007,London,Pet Grooming Parlours,,,
E12000007,London,Vehicle Repair Workshops & Garages,101.0,1480.0,386.0
E12000007,London,Car Showrooms,133.0,330.0,386.0
E12000007,London,Garden Centres,23.0,100.0,282.0
E12000007,London,Studios,229.0,410.0,41.0
E12000007,London,Recording Studios,182.0,160.0,37.0
E12000007,London,Surgeries/Clinics/Heath Centres (Rental Valuation),317.0,3260.0,469.0
E12000007,London,Betting Offices,265.0,790.0,90.0
E12000007,London,"Factories,Workshops And Warehouses(Inc Bakeries & Dairies)",100.0,28580.0,12752.0
E92000001,England,Hairdressing/Beauty Salons,127.0,21130.0,1204.0
E92000001,England,Cafes,151.0,15960.0,1665.0
E92000001,England,Restaurants,195.0,28570.0,6015.0
E92000001,England,Takeaway Food Outlet (Predominantly Off Premises),128.0,4940.0,359.0
E92000001,England,Convenience Store,131.0,7350.0,2278.0
E92000001,England,Shops,165.0,393850.0,42467.0
E92000001,England,Pharmacies,119.0,1410.0,189.0
E92000001,England,Offices (Inc Computer Centres),210.0,405330.0,74539.0
E92000001,England,Gymnasia/Fitness Suites,69.0,4810.0,1579.0
E92000001,England,Dance Schools & Centres,59.0,1000.0,258.0
E92000001,England,Veterinary Clinics / Animal Clinics,100.0,1650.0,404.0
E92000001,England,Funeral Parlours/Chapels Of Rest,71.0,1630.0,384.0
E92000001,England,Pet Grooming Parlours,71.0,630.0,17.0
E92000001,England,Vehicle Repair Workshops & Garages,54.0,16680.0,4951.0
E92000001,England,Car Showrooms,99.0,5130.0,6600.0
E92000001,England,Garden Centres,17.0,2180.0,7077.0
E92000001,England,Studios,116.0,1380.0,133.0
E92000001,England,Recording Studios,116.0,390.0,85.0
E92000001,England,Surgeries/Clinics/Heath Centres (Rental Valuation),158.0,15040.0,2222.0
E92000001,England,Betting Offices,160.0,3590.0,407.0
E92000001,England,"Factories,Workshops And Warehouses(Inc Bakeries & Dairies)",49.0,357840.0,215133.0
