station,mode,weekday_daily,saturday_daily,sunday_daily,annual,saturday_vs_weekday,change_vs_2024
Waterloo LU,LU,259073,187011,114149,74483879,0.72,0.005
King's Cross St. Pancras,LU,230612,239691,184218,73571468,1.04,-0.004
Tottenham Court Road,LU,191250,224090,123167,60813501,1.17,0.023
Victoria LU,LU,194059,188201,130928,60156525,0.97,0.002
Liverpool Street LU,LU,205769,159120,99770,60077617,0.77,0.025
Paddington TfL,LU,188505,173190,126788,57967470,0.92,0.073
London Bridge LU,LU,179869,190046,115100,56194070,1.06,0.013
Stratford,LU,168979,180399,114874,53193118,1.07,-0.004
Oxford Circus,LU,167493,175945,108439,52338421,1.05,0.027
Bond Street,LU,140584,123803,80049,42304231,0.88,0.074
Farringdon,LU,155435,77160,46563,42030426,0.5,0.063
Bank and Monument,LU,156760,57642,39929,41119362,0.37,0.071
Euston LU,LU,105518,105517,80828,33307760,1.0,0.047
Canary Wharf LU,LU,113116,76545,55610,32551952,0.68,0.024
Green Park,LU,97537,87768,59277,29612546,0.9,-0.006
South Kensington,LU,88901,90700,61412,27834363,1.02,-0.014
Moorgate,LU,104607,36508,22362,27148108,0.35,0.052
Leicester Square,LU,78527,104431,67494,26338811,1.33,-0.002
Piccadilly Circus,LU,74250,88827,55250,24042006,1.2,-0.119
North Greenwich,LU,67445,90346,69301,23181041,1.34,0.02
Baker Street,LU,75324,59373,43899,22388823,0.79,0.02
Vauxhall LU,LU,70973,66978,48738,21954288,0.94,0.035
Finsbury Park,LU,66587,69989,46812,20981881,1.05,0.032
Hammersmith (DIS),LU,69519,57817,37947,20684267,0.83,-0.04
Brixton LU,LU,63449,70897,46347,20270562,1.12,-0.011
Holborn,LU,67468,44543,27296,19089695,0.66,-0.044
Canary Wharf EL,EZL,64826,46754,30689,19038934,0.72,0.098
Westminster,LU,59683,57710,41692,18559654,0.97,-0.012
Embankment,LU,56063,64377,39780,17937160,1.15,0.042
Whitechapel,LU,60858,45925,33244,17889894,0.75,0.021
Abbey Wood,EZL,59852,43233,30126,17666279,0.72,0.093
Barking,LU,58658,46380,33533,17411327,0.79,-0.003
Ealing Broadway,LU,56452,50286,36860,17234271,0.89,0.053
Camden Town,LU,48745,71052,52947,17155755,1.46,-0.046
Wimbledon,LU,56210,51069,30082,16898079,0.91,0.014
Tower Hill,LU,50048,53824,40993,16098135,1.08,0.025
Wembley Park,LU,49987,49436,33904,15548493,0.99,-0.018
Earl's Court,LU,50170,48785,33380,15536328,0.97,-0.022
Liverpool Street NR,EZL,51881,35623,29207,15372438,0.69,-0.048
Old Street,LU,52346,41011,24335,15259269,0.78,-0.037
Greenwich,DLR,47814,40737,35543,14873787,0.85,1.088
Highbury & Islington,LU,46759,50464,32295,14768430,1.08,0.025
Charing Cross LU,LU,46793,48200,33148,14710615,1.03,-0.07
Sloane Square,LU,47470,47250,30206,14686867,1.0,0.077
Woolwich EL,EZL,45940,39376,27559,14063818,0.86,0.038
Tottenham Hale LU,LU,44668,44648,31660,13979694,1.0,0.054
Warren Street,LU,51023,24738,17093,13853666,0.48,-0.021
Knightsbridge,LU,40529,51067,28483,13165342,1.26,-0.037
Walthamstow Central,LU,42853,38680,26110,13019045,0.9,0.011
Elephant & Castle LU,LU,42375,39704,26892,12991846,0.94,-0.04
Heathrow Terminals 2 & 3 EL,EZL,38356,40043,40559,12913793,1.04,0.178
Clapham Junction,LO,42487,32514,18315,12653580,0.77,-0.042
Shepherd's Bush LU,LU,39546,42570,28402,12535917,1.08,-0.012
Notting Hill Gate,LU,37150,50834,31326,12499085,1.37,0.017
Richmond,LU,39941,39871,26933,12433653,1.0,0.084
Euston Square,LU,43835,23340,18836,12192957,0.53,0.038
Canning Town,LU,37224,40140,29033,11910420,1.08,-0.015
Tooting Broadway,LU,39582,35049,21986,11894098,0.89,-0.023
Seven Sisters,LU,38254,36773,26070,11855316,0.96,-0.026
Angel,LU,38099,37128,22939,11689665,0.97,-0.038
Ilford,EZL,38153,31775,23119,11646888,0.83,0.094
Aldgate East,LU,37806,34684,25035,11605126,0.92,-0.016
Covent Garden,LU,33655,51112,27388,11513025,1.52,-0.111
Gloucester Road,LU,38597,30830,22780,11504721,0.8,-0.001
Upton Park,LU,36939,31850,25405,11287788,0.86,0.003
Mile End,LU,36133,28746,20873,10743656,0.8,-0.006
Blackfriars LU,LU,37907,24138,15855,10708345,0.64,0.003
East Ham,LU,35643,28576,22388,10692055,0.8,0.004
Canary Wharf DLR,DLR,34381,28713,20616,10434653,0.84,-0.069
Romford,EZL,34997,27276,16523,10372801,0.78,0.064
Hammersmith (H&C),LU,33200,28257,19961,9994125,0.85,0.051
Balham LU,LU,32448,31268,18231,9878418,0.96,0.007
St James's Park,LU,35365,18952,15103,9838333,0.54,-0.028
Custom House EL,EZL,31716,29707,17212,9742908,0.94,0.093
Heathrow Terminal 5 EL,EZL,30262,27506,24920,9659270,0.91,0.22
Canada Water,LU,29562,34074,24810,9643034,1.15,-0.008
High Street Kensington,LU,31035,28868,21879,9606990,0.93,-0.017
Bethnal Green LU,LU,29246,30700,20510,9211397,1.05,-0.05
Blackhorse Road,LU,29649,26107,18703,9006744,0.88,-0.007
Hayes & Harlington,EZL,29345,24985,16340,8915584,0.85,-0.008
St Paul's,LU,31951,17837,12114,8850501,0.56,-0.019
Battersea Power Station,LU,26191,32379,21364,8616922,1.24,-0.026
Southwark,LU,30507,18837,12560,8581018,0.62,-0.016
Harrow-on-the-Hill,LU,28162,25480,15600,8485773,0.9,0.025
Leyton,LU,27806,23960,17135,8403580,0.86,-0.02
Temple,LU,31237,14623,8882,8383274,0.47,0.061
Marble Arch,LU,26044,29340,20042,8379226,1.13,-0.049
Southall,EZL,27374,22780,16119,8333276,0.83,0.051
Marylebone LU,LU,27567,23694,17073,8332429,0.86,-0.018
Morden,LU,27311,24509,16797,8297988,0.9,-0.004
Russell Square,LU,27826,21639,16901,8289069,0.78,-0.032
West Hampstead LU,LU,26833,23566,15869,8099051,0.88,0.003
Chancery Lane,LU,31094,11075,5807,8040786,0.36,-0.037
Wood Green,LU,26265,24388,16473,8033103,0.93,-0.067
White City,LU,27472,19648,13305,7945761,0.72,0.014
Pimlico,LU,25969,18986,14958,7641420,0.73,0.041
Shepherd's Bush NR,LO,24876,23173,10925,7617049,0.93,0.028
Hackney Central,LO,23154,25547,14864,7506822,1.1,0.376
Turnpike Lane,LU,24635,21616,15610,7483399,0.88,-0.043
Clapham Common,LU,23448,26657,15845,7452584,1.14,-0.042
Watford Junction,LO,25071,17184,10764,7368388,0.69,0.123
Stockwell,LU,23501,22859,15856,7288321,0.97,0.001
Finchley Road,LU,24412,19221,14853,7284110,0.79,0.0
Limehouse DLR,DLR,24486,17346,11624,7140812,0.71,0.222
Bermondsey,LU,23133,21163,14051,7038981,0.91,0.004
Peckham Rye,LO,22021,22666,12655,6989720,1.03,0.052
Aldgate,LU,24702,13899,10075,6880588,0.56,-0.054
Archway,LU,22711,18026,13745,6779918,0.79,-0.035
Shoreditch High Street,LO,20750,23403,13885,6778989,1.13,0.009
Fulham Broadway,LU,22635,18927,12679,6754692,0.84,0.024
Leytonstone,LU,22149,18924,12924,6652559,0.85,-0.029
Kentish Town,LU,20979,18647,12982,6369381,0.89,
Tooting Bec,LU,20885,18696,12033,6305527,0.9,0.01
Lewisham DLR,DLR,21016,16062,12065,6282756,0.76,-0.127
Ladbroke Grove,LU,18507,24957,15336,6196836,1.35,0.055
St John's Wood,LU,21309,15156,10955,6188961,0.71,0.047
Forest Gate,EZL,20426,15899,11440,6138355,0.78,0.09
Clapham South,LU,20467,17629,11259,6122053,0.86,-0.033
Edgware Road (DIS),LU,19866,18111,12465,6060664,0.91,0.061
Golders Green,LU,19830,15505,12318,5923699,0.78,-0.01
Slough,EZL,19571,15703,11267,5918094,0.8,0.081
Denmark Hill,LO,20949,10862,6628,5875027,0.52,0.029
Queensway,LU,17675,20637,15668,5816732,1.17,0.011
Woolwich Arsenal,DLR,19062,15489,12043,5793948,0.81,-0.103
North Acton,LU,19479,14896,10742,5739993,0.76,-0.019
Great Portland Street,LU,20670,11032,7399,5681467,0.53,0.002
East Putney,LU,19283,14856,10264,5670063,0.77,-0.032
Willesden Green,LU,18058,15183,11227,5444524,0.84,-0.021
Parsons Green,LU,18733,14427,8600,5444247,0.77,-0.019
Swiss Cottage,LU,18540,14513,9169,5429725,0.78,0.008
Barons Court,LU,19074,13038,7966,5429364,0.68,-0.01
Colindale,LU,18195,14260,10708,5409247,0.78,
Harrow & Wealdstone,LU,18199,15191,9590,5401282,0.83,0.096
Manor House,LU,17670,15912,11478,5399738,0.9,-0.06
Shadwell DLR,DLR,18154,13716,9696,5385600,0.76,-0.066
Heathrow Terminals 123 LU,LU,16607,14279,18016,5380663,0.86,-0.07
Dalston Junction,LO,16149,19463,11429,5365805,1.21,0.033
Barbican,LU,19390,10193,7297,5339120,0.53,0.036
East Finchley,LU,18126,13555,9712,5313777,0.75,0.007
West Brompton,LU,17951,14165,8897,5263230,0.79,0.082
Dalston Kingsland,LO,16112,18411,10462,5259838,1.14,-0.042
Wood Lane,LU,17229,15829,10460,5245357,0.92,0.053
Colliers Wood,LU,17237,15420,10724,5240671,0.89,-0.012
West Ham,LU,17859,13276,9221,5215465,0.74,-0.008
Kilburn,LU,16800,15730,10586,5146651,0.94,-0.033
Belsize Park,LU,17587,11675,9395,5085477,0.66,0.007
Goodge Street,LU,18542,9814,6029,5064404,0.53,-0.028
Stepney Green,LU,17579,11505,8343,5026703,0.65,-0.037
Oval,LU,16531,14145,10122,4988300,0.86,-0.038
Hendon Central,LU,17254,11508,8715,4968187,0.67,-0.293
Maidenhead,EZL,16207,13624,10117,4967557,0.84,-0.155
Uxbridge,LU,17330,11570,7847,4948514,0.67,-0.049
Southfields,LU,16759,12890,8625,4913181,0.77,-0.002
Upminster,LU,16739,13281,7266,4863313,0.79,0.084
Turnham Green,LU,15917,14150,10436,4859981,0.89,0.009
Finchley Central,LU,16396,12748,9357,4855864,0.78,-0.022
Wembley Central,LU,15915,14375,9750,4837967,0.9,0.023
Clapham North,LU,15073,17484,9612,4780229,1.16,-0.036
Chadwell Heath,EZL,16176,11722,7910,4765465,0.72,0.065
Dagenham Heathway,LU,16501,11317,7847,4743139,0.69,0.006
West Hampstead LO,LO,15012,13965,9022,4712618,0.93,0.08
Queen's Park,LU,15813,12587,9167,4703485,0.8,0.035
New Cross Gate,LO,14600,15109,9679,4700061,1.03,0.001
Heron Quays,DLR,15922,10516,9494,4698712,0.66,-0.094
Chalk Farm,LU,14884,15898,9989,4679794,1.07,-0.012
Holloway Road,LU,15878,11258,8686,4634417,0.71,-0.082
Plaistow,LU,15609,11850,9260,4626058,0.76,0.036
Acton Town,LU,15512,12157,9168,4613379,0.78,-0.049
Gants Hill,LU,15718,11483,8273,4588197,0.73,-0.019
Kennington,LU,14573,15112,10175,4579140,1.04,-0.031
Putney Bridge,LU,15332,12166,8739,4551722,0.79,-0.039
Mansion House,LU,16593,7727,5214,4474300,0.47,0.038
Willesden Junction,LU,15392,10813,7327,4436730,0.7,0.005
Highgate,LU,14600,13073,9012,4435997,0.9,-0.003
Homerton,LO,14588,11784,7525,4433825,0.81,0.031
Heathrow Terminal 4 EL,EZL,12866,13936,14934,4418857,1.08,0.245
Cannon Street LU,LU,16691,7274,3315,4387491,0.44,0.064
Goodmayes,EZL,14948,10326,7393,4383575,0.69,0.027
Woodford,LU,14879,11928,7634,4383516,0.8,-0.004
Euston NR,LO,13661,12606,10202,4379183,0.92,0.16
Surrey Quays,LO,13658,12373,8736,4296755,0.91,-0.01
Norwood Jn,LO,14226,10418,7148,4263201,0.73,0.008
Manor Park,EZL,13970,10932,8110,4214525,0.78,0.069
Hackney Wick,LO,12461,16711,8497,4206184,1.34,0.147
Forest Hill,LO,13740,11389,7088,4190139,0.83,0.029
Camden Road,LO,13039,13516,8150,4174997,1.04,0.014
West Drayton,EZL,13903,11263,6918,4157862,0.81,0.154
Maryland,EZL,13890,10514,7731,4157832,0.76,0.08
Hampstead,LU,13050,12934,10922,4157012,0.99,0.055
Edgware,LU,13992,10793,8177,4148978,0.77,0.075
Edmonton Green,LO,13579,10889,6865,4116704,0.8,-0.017
Seven Kings,EZL,13761,9894,7204,4072757,0.72,0.064
Northolt,LU,13611,10902,7883,4051500,0.8,-0.013
Bow Road,LU,13347,11383,8491,4040710,0.85,-0.03
East India,DLR,14556,7483,4874,4015612,0.51,-0.014
Caledonian Road,LU,13636,10287,7444,4008167,0.75,0.086
Nine Elms,LU,13213,10223,9215,3988977,0.77,0.012
Westferry,DLR,12856,11700,8507,3984906,0.91,-0.052
Westbourne Park,LU,13126,11717,7781,3971537,0.89,0.059
Bounds Green,LU,13178,11057,7974,3961835,0.84,-0.042
Gunnersbury,LU,13767,8639,6867,3934752,0.63,0.067
South Woodford,LU,13279,10859,6773,3920204,0.82,-0.015
Brockley,LO,12125,11263,8734,3875102,0.93,0.028
South Quay,DLR,13349,8328,6606,3852456,0.62,-0.068
Borough,LU,12931,10315,7026,3825428,0.8,-0.044
West Croydon NR,LO,12938,9167,5609,3819480,0.71,-0.012
Harold Wood,EZL,13403,8443,4854,3807794,0.63,0.157
Bromley-by-Bow,LU,12870,9486,7780,3807650,0.74,0.013
Custom House DLR,DLR,12583,10181,7518,3802286,0.81,-0.09
Reading,EZL,12339,10010,8074,3782353,0.81,0.061
Heathrow Terminal 5 LU,LU,11547,10380,12860,3777826,0.9,-0.037
Stratford International DLR,DLR,11928,11448,8191,3739316,0.96,-0.01
Southgate,LU,12562,10393,6850,3734711,0.83,-0.044
Hoxton,LO,11553,10989,8756,3725343,0.95,0.057
West Kensington,LU,11764,11896,8774,3708455,1.01,-0.03
Bayswater,LU,11222,12930,10354,3703979,1.15,0.001
South Wimbledon,LU,12173,10096,6708,3623567,0.83,-0.005
Shadwell LO,LO,11466,10490,7273,3609180,0.91,-0.019
Sydenham,LO,11885,9316,6320,3607670,0.78,0.029
High Barnet,LU,12137,9594,6093,3563071,0.79,0.004
Edgware Road (Bak),LU,11591,11075,7331,3562488,0.96,0.0
Brentwood,EZL,12481,8109,4514,3557037,0.65,0.084
Hampstead Heath,LO,10762,10390,8226,3480963,0.97,0.049
Queens Road Peckham,LO,10935,10774,6827,3473865,0.99,0.054
Kew Gardens,LU,10523,12673,9144,3472412,1.2,0.177
Acton Main Line,EZL,11265,10314,6484,3466686,0.92,0.083
Kingsbury,LU,11751,8089,6127,3404421,0.69,-0.101
Shepherd's Bush Market,LU,10813,11388,7170,3388109,1.05,0.041
East Acton,LU,11665,7847,5999,3367168,0.67,-0.047
Langdon Park,DLR,11131,8837,6863,3365660,0.79,-0.143
Kensal Rise,LO,10664,10412,5938,3348720,0.98,0.024
Epping,LU,10689,10642,6279,3282863,1.0,0.008
London City Airport,DLR,11627,4215,6953,3268740,0.36,-0.053
Haggerston,LO,10024,9272,6506,3167438,0.92,0.036
Stanmore,LU,10461,9313,6036,3156345,0.89,0.015
Tufnell Park,LU,10315,9552,6502,3155093,0.93,-0.33
Rayners Lane,LU,10798,7853,5729,3152406,0.73,-0.03
Hyde Park Corner,LU,9696,11845,7243,3152357,1.22,-0.088
Woodside Park,LU,10607,8349,6143,3150438,0.79,0.018
Hounslow East,LU,10460,8288,6840,3145874,0.79,-0.052
Greenford,LU,10519,8201,5302,3083835,0.78,-0.014
Hounslow Central,LU,10419,7879,6009,3078431,0.76,-0.008
Burnt Oak,LU,10501,7600,5634,3067022,0.72,-0.318
Northwick Park,LU,11018,5999,4461,3058177,0.54,-0.008
Arnos Grove,LU,10169,8378,6020,3043872,0.82,-0.033
Newbury Park,LU,10309,7897,5142,3013048,0.77,-0.05
Warwick Avenue,LU,9933,8487,6182,3001484,0.85,0.0
Chingford,LO,10170,6580,4741,2988120,0.65,0.126
Dollis Hill,LU,10075,7720,5744,2978324,0.77,-0.021
Highams Park,LO,10153,6778,4155,2965566,0.67,0.072
Crossharbour,DLR,9822,7826,5831,2960491,0.8,-0.034
Gidea Park,EZL,10304,6823,4092,2960156,0.66,0.035
Hatton Cross,LU,9474,8164,6826,2909375,0.86,-0.07
Silver Street,LO,9631,7309,5039,2908035,0.76,0.036
Becontree,LU,10021,7108,4883,2897134,0.71,0.021
West Ealing,EZL,9569,8286,4912,2894021,0.87,-0.015
Holland Park,LU,9623,8152,5691,2890624,0.85,0.022
Queensbury,LU,10015,6983,4684,2880487,0.7,-0.046
Lancaster Gate,LU,8485,9858,8578,2839456,1.16,-0.04
Hainault,LU,9908,6756,4480,2835413,0.68,-0.023
Hackney Downs,LO,8904,8681,5462,2819631,0.97,0.056
Imperial Wharf,LO,9808,5551,3674,2800476,0.57,-0.014
Bow Church,DLR,9260,7205,5736,2794157,0.78,-0.082
Canonbury,LO,8829,8121,5604,2781505,0.92,0.044
Mornington Crescent,LU,8977,9307,4456,2736255,1.04,-0.036
Deptford Bridge,DLR,8814,8146,5766,2734780,0.92,-0.014
Dagenham East,LU,9603,6120,4408,2731329,0.64,0.055
Hounslow West,LU,8864,7237,6287,2698566,0.82,-0.04
Loughton,LU,9197,7620,4205,2697032,0.83,0.01
Maida Vale,LU,8938,7329,5288,2673577,0.82,-0.027
Ravenscourt Park,LU,9219,6518,4647,2671510,0.71,0.022
Elm Park,LU,9403,6160,3928,2664173,0.66,0.053
Hanger Lane,LU,8571,8293,5779,2655874,0.97,-0.04
Tower Gateway,DLR,8705,7255,5472,2653147,0.83,0.01
Gospel Oak,LO,8495,6590,5395,2617543,0.78,0.019
New Cross,LO,8208,7809,5368,2605867,0.95,0.055
Honor Oak Park,LO,8421,7188,4614,2590971,0.85,0.034
Lambeth North,LU,8247,8218,5928,2583710,1.0,-0.011
Kilburn Park,LU,8344,7420,5174,2533856,0.89,-0.035
Pudding Mill Lane,DLR,7251,8952,8104,2514411,1.23,0.095
Neasden,LU,8653,6042,4424,2506726,0.7,-0.01
Pontoon Dock,DLR,7990,7432,5162,2478291,0.93,-0.058
Enfield Town,LO,8333,6187,3676,2476651,0.74,0.024
Pinner,LU,8650,5853,3870,2471418,0.68,0.019
Clapton,LO,7905,6620,4954,2456119,0.84,0.055
Harlesden,LU,8726,5221,3318,2433824,0.6,-0.06
Kensington (Olympia),LO,7853,6956,4255,2426096,0.89,-0.013
West India Quay,DLR,7383,8469,5836,2415879,1.15,-0.071
Bushey,LO,8042,6754,3280,2415066,0.84,0.172
Stonebridge Park,LU,8381,5602,3916,2399183,0.67,0.007
Brondesbury,LO,7675,6885,4518,2392420,0.9,-0.005
Island Gardens,DLR,7564,6973,5634,2378396,0.92,0.077
Wood Street,LO,7728,6257,3920,2346336,0.81,0.082
Preston Road,LU,7955,5605,4126,2309779,0.7,-0.045
Northfields,LU,7818,5220,4303,2267987,0.67,-0.083
Finchley Road & Frognal,LO,7357,6360,3931,2262724,0.86,0.011
Bush Hill Park,LO,7433,5714,3924,2249524,0.77,0.067
London Fields,LO,6866,7544,4748,2240897,1.1,0.148
Hanwell,EZL,7598,5940,3261,2237323,0.78,-0.051
Devons Road,DLR,7440,5670,4527,2235584,0.76,-0.043
Oakwood,LU,7291,6687,4644,2229287,0.92,0.007
Stamford Brook,LU,7506,5800,3951,2205796,0.77,0.013
Royal Oak,LU,7157,6194,4826,2183636,0.87,0.02
Regent's Park,LU,7688,5127,3077,2176048,0.67,-0.015
West Silvertown,DLR,6864,6979,4463,2158442,1.02,-0.026
Upney,LU,7425,5107,3656,2140891,0.69,-0.015
Crystal Palace,LO,6887,5294,4681,2134451,0.77,0.059
Alperton,LU,7328,5099,3808,2124893,0.7,-0.145
Buckhurst Hill,LU,7261,5866,3362,2124309,0.81,-0.009
Northwood,LU,7426,4949,3130,2109130,0.67,0.004
Wapping,LO,6421,7037,4656,2105049,1.1,-0.007
Latimer Road,LU,7330,4777,3669,2103833,0.65,0.021
Royal Victoria,DLR,6439,7390,4911,2098750,1.15,-0.169
Arsenal,LU,6756,6574,4535,2094155,0.97,-0.038
Kentish Town West,LO,6677,6241,3811,2087865,0.93,-0.181
South Ealing,LU,7143,4900,4095,2085840,0.69,-0.028
Eastcote,LU,7297,5000,3158,2082816,0.69,-0.017
Totteridge & Whetstone,LU,7013,5624,3837,2077372,0.8,0.063
Chiswick Park,LU,7115,4966,3534,2056282,0.7,-0.02
Canons Park,LU,6979,5362,3429,2038036,0.77,-0.041
Bruce Grove,LO,6435,5738,3889,2009181,0.89,0.607
Amersham,LU,6998,4717,2585,1973132,0.67,0.084
Leyton Midland Road,LO,6390,5504,3374,1962343,0.86,0.053
Stoke Newington,LO,6169,5732,4041,1952239,0.93,-0.074
Cyprus,DLR,7648,1815,1299,1950503,0.24,-0.025
Redbridge,LU,6525,5425,3717,1948619,0.83,-0.014
Shenfield,EZL,6388,210,8868,1944713,0.03,-0.359
Harringay Green Lanes,LO,6019,6173,3965,1933886,1.03,-0.003
Caledonian Road & Barnsbury,LO,6290,5156,3131,1909896,0.82,-0.064
White Hart Lane,LO,6487,4382,2786,1903464,0.68,0.073
Debden,LU,6741,4315,2401,1885766,0.64,-0.004
Kensal Green,LU,6397,4839,3365,1875023,0.76,-0.01
Wanstead,LU,6214,5383,3717,1874002,0.87,-0.013
Rickmansworth,LU,6668,4206,2429,1864913,0.63,0.038
Burnham,EZL,6462,4490,2460,1861344,0.69,-0.201
Goldhawk Road,LU,6124,5322,3796,1853933,0.87,0.02
Upper Holloway,LO,6102,4967,2991,1849022,0.81,0.001
Snaresbrook,LU,6175,5101,3255,1830236,0.83,0.008
Brent Cross,LU,6082,4674,4056,1825919,0.77,0.046
Bethnal Green LO,LO,5975,5734,2170,1815880,0.96,0.112
Wimbledon Park,LU,6051,5122,3222,1800817,0.85,-0.022
Clapham High Street,LO,5675,5424,3374,1786673,0.96,0.3
South Harrow,LU,6114,4128,3223,1769086,0.68,-0.113
Wanstead Park,LO,5719,4492,2984,1733860,0.79,0.074
South Tottenham,LO,5726,4239,3051,1726567,0.74,-0.024
Watford,LU,6200,3471,2193,1710540,0.56,0.051
Ealing Common,LU,5765,4411,3362,1707534,0.77,-0.076
Rectory Road,LO,5458,4532,3213,1683892,0.83,-0.094
Kenton,LU,5924,3831,2636,1683642,0.65,0.017
Hornchurch,LU,5978,3936,2073,1674750,0.66,0.059
St James Street,LO,5383,4646,3043,1663120,0.86,0.091
Gallions Reach,DLR,5473,4478,3201,1652784,0.82,-0.132
All Saints,DLR,5430,4453,3052,1634567,0.82,-0.032
Perivale,LU,5421,4174,3060,1602021,0.77,-0.051
Acton Central,LO,5005,4608,3534,1594247,0.92,0.047
Mill Hill East,LU,5471,3874,2703,1583118,0.71,0.02
Beckton,DLR,5467,3622,2545,1580265,0.66,-0.197
Heathrow Terminal 4 LU,LU,4924,4180,4849,1569970,0.85,-0.045
Osterley,LU,5272,4131,2874,1556562,0.78,-0.051
Mudchute,DLR,4942,4487,3651,1549170,0.91,-0.033
Twyford,EZL,5146,3513,2973,1527451,0.68,-0.601
King George V,DLR,5118,3889,2899,1527226,0.76,0.048
Rotherhithe,LO,4744,4546,3339,1519098,0.96,0.009
Walthamstow Queen's Road,LO,4896,4327,2644,1511728,0.88,0.051
Chalfont & Latimer,LU,5314,3377,2035,1492086,0.64,0.027
North Harrow,LU,5191,3403,2340,1478822,0.66,0.04
South Ruislip,LU,4973,4179,2629,1477610,0.84,-0.048
Northwood Hills,LU,5118,3510,2320,1465915,0.69,0.09
Poplar,DLR,4967,3485,2373,1447612,0.7,-0.183
Leytonstone High Road,LO,4630,4201,2709,1444733,0.91,0.052
Sudbury Hill,LU,5113,2953,2248,1435238,0.58,-0.119
Cockfosters,LU,4385,5214,3304,1420222,1.19,0.01
Carpenders Park,LO,4668,3867,2195,1413253,0.83,0.072
Chorleywood,LU,5053,2995,1929,1408489,0.59,0.053
West Ruislip,LU,4627,4559,2480,1407748,0.99,-0.008
Watford High Street,LO,4485,4139,2640,1403678,0.92,0.102
North Wembley,LU,4789,3219,2506,1384166,0.67,0.041
Ruislip,LU,4633,3878,2223,1365346,0.84,-0.046
Langley,EZL,4765,2968,1892,1360033,0.62,-0.23
Cambridge Heath,LO,4126,4213,3428,1358816,1.02,-0.162
Ruislip Manor,LU,4726,3453,1848,1349876,0.73,-0.007
West Finchley,LU,4618,3297,2258,1336354,0.71,0.022
Sudbury Town,LU,4666,2992,2226,1331845,0.64,-0.167
Park Royal,LU,4559,3113,2502,1325404,0.68,-0.194
Hillingdon,LU,4485,3488,2368,1319482,0.78,-0.04
Star Lane,DLR,4429,3320,2155,1302677,0.75,-0.139
Blackwall,DLR,4347,3544,2267,1299338,0.82,-0.068
Abbey Road,DLR,4317,3269,2546,1292368,0.76,0.043
Brondesbury Park,LO,4170,3742,2275,1291263,0.9,0.043
Boston Manor,LU,4353,3232,2419,1279016,0.74,-0.062
Elverson Road,DLR,4081,3318,2825,1252134,0.81,-0.053
Royal Albert,DLR,3929,3643,2744,1227791,0.93,-0.135
Anerley,LO,3764,3742,2478,1203540,0.99,0.01
West Harrow,LU,4062,3208,2222,1200932,0.79,0.026
Turkey Street,LO,3856,2947,1920,1160545,0.76,0.04
Barkingside,LU,4035,2659,1857,1152026,0.66,-0.043
Crouch Hill,LO,3550,3939,2170,1146819,1.11,0.017
Southbury,LO,3718,2730,2005,1121182,0.73,0.083
Woodgrange Park,LO,3675,2780,2032,1114494,0.76,0.074
Barking Riverside,LO,3826,2353,1468,1103076,0.62,0.1
Prince Regent,DLR,3546,3207,2349,1098304,0.9,-0.293
West Acton,LU,3555,3104,2260,1079495,0.87,0.015
Stamford Hill,LO,3505,2608,2195,1073276,0.74,0.068
Stratford High Street,DLR,3692,2273,1825,1063870,0.62,-0.071
South Acton,LO,3275,2918,2042,1025488,0.89,0.047
Chesham,LU,3601,2371,1352,1013745,0.66,0.035
South Kenton,LU,3058,2522,1508,901280,0.82,-0.048
Fairlop,LU,3023,2648,1517,899449,0.88,-0.023
Croxley,LU,3221,1689,1007,877170,0.52,0.02
Kilburn High Road,LO,2696,2241,1669,835929,0.83,0.118
Cheshunt,LO,2725,1876,1796,831441,0.69,-0.297
Upminster Bridge,LU,3122,1326,755,825358,0.42,0.163
Ruislip Gardens,LU,2836,2159,1353,825357,0.76,0.0
Wandsworth Road,LO,2690,2216,1407,820565,0.82,0.115
Ickenham,LU,2831,2152,1207,816974,0.76,-0.021
Penge West,LO,2459,2619,1940,810098,1.07,-0.008
Moor Park,LU,3004,1447,817,806282,0.48,0.009
Hatch End,LO,2735,1906,1168,804997,0.7,0.111
Theobalds Grove,LO,2559,2022,1174,768605,0.79,0.067
Headstone Lane,LO,2510,1659,921,727319,0.66,0.482
Theydon Bois,LU,2390,2074,1181,709377,0.87,0.001
South Hampstead,LO,2147,1502,1065,639290,0.7,0.216
Taplow,EZL,1776,1445,1152,544180,0.81,-0.348
North Ealing,LU,1838,988,915,517546,0.54,-0.134
Beckton Park,DLR,1436,1086,767,426102,0.76,-0.138
Iver,EZL,1366,1054,560,400265,0.77,-0.257
Grange Hill,LU,1376,697,408,372479,0.51,0.103
Chigwell,LU,1137,555,376,308690,0.49,0.048
Emerson Park,LO,1066,633,259,299152,0.59,-0.074
Roding Valley,LU,734,456,255,204505,0.62,0.239
