code,borough,ranked,survival_1y,survival_2y,survival_3y,survival_4y,survival_5y,survival_5y_lo,survival_5y_hi,cohort_2019_survival_5y,births_2019,births_2024,deaths_2024,active_2024
E09000007,Camden,True,0.935813953488,0.720249822281,0.563673773959,0.466776064203,0.399953385538,0.386507312738,0.413399458338,0.38,5360,5460,3870,40825
E09000001,City of London,False,0.945945945946,0.754054054054,0.632512446657,0.546833469819,0.47795749843,0.456237260836,0.499677736024,0.325,3525,1845,1235,23390
E09000012,Hackney,True,0.935195530726,0.711512945853,0.543973384832,0.443456563722,0.382935196465,0.368697570402,0.397172822527,0.393,4425,4305,3325,29340
E09000013,Hammersmith and Fulham,True,0.930599369085,0.727616285224,0.576153303402,0.480658280739,0.405825254995,0.382105715764,0.429544794226,0.379,1860,1605,1490,13445
E09000014,Haringey,True,0.933510638298,0.702420994994,0.555675661778,0.460280698382,0.395146637291,0.374955186275,0.415338088306,0.394,2310,1840,1685,14550
E09000019,Islington,True,0.928484848485,0.696021778908,0.520234708467,0.428842124547,0.366400826193,0.351316239946,0.38148541244,0.365,4255,4105,2985,26145
E09000020,Kensington and Chelsea,True,0.954545454545,0.737911025145,0.586066518166,0.496125616863,0.422342832817,0.399151772905,0.445533892728,0.427,1945,1615,1555,14260
E09000022,Lambeth,True,0.94385026738,0.721448767595,0.556268578381,0.466868271141,0.387960957709,0.36684841688,0.409073498538,0.377,2345,1880,1575,14770
E09000023,Lewisham,True,0.934256055363,0.697535771065,0.547626767635,0.452110470954,0.381468209867,0.357880574128,0.405055845607,0.364,1855,1425,1265,10960
E09000025,Newham,True,0.910204081633,0.616702573544,0.443913469795,0.363201929832,0.299456285004,0.28353660207,0.315375967939,0.314,3220,2695,1920,15605
E09000028,Southwark,True,0.9375,0.706233421751,0.50809571176,0.410624289504,0.356356762256,0.337190011382,0.375523513131,0.372,2645,1915,1680,17235
E09000030,Tower Hamlets,True,0.930902111324,0.7016353493,0.542090360312,0.434427814884,0.363852899109,0.34592320105,0.381782597167,0.384,3020,2805,2015,18975
E09000032,Wandsworth,True,0.9425,0.735301608579,0.590312559,0.491525559331,0.423527952309,0.403009616006,0.444046288611,0.388,2810,2090,1945,16875
E09000033,Westminster,True,0.942945258288,0.72748110836,0.546142097902,0.45265129655,0.391589831326,0.380021934312,0.40315772834,0.437,6745,6440,4950,58370
E09000002,Barking and Dagenham,True,0.910344827586,0.629759093056,0.472995026974,0.392616787096,0.325311052165,0.303033402682,0.347588701648,0.361,1605,1610,1170,9370
E09000003,Barnet,True,0.938610662359,0.680813196673,0.524047000071,0.423990293613,0.360964709427,0.346099337211,0.375830081644,0.372,4235,3095,2755,27920
E09000004,Bexley,True,0.939534883721,0.73639220616,0.551309673061,0.454514844966,0.381653686613,0.354848726471,0.408458646754,0.357,1540,1165,1020,9480
E09000005,Brent,True,0.937229437229,0.705531291277,0.547715081386,0.446598450977,0.377747856451,0.358828440423,0.396667272479,0.355,2860,2240,1880,17530
E09000006,Bromley,True,0.941340782123,0.736349666245,0.585371497267,0.49593974074,0.414481039362,0.392430323605,0.43653175512,0.417,2075,1845,1585,16035
E09000008,Croydon,True,0.934673366834,0.692757907183,0.522232883876,0.421451099269,0.361243799373,0.341610714725,0.380876884021,0.385,2340,2115,1835,16385
E09000009,Ealing,True,0.938,0.71893418259,0.560805436547,0.469245365274,0.399128241728,0.380493780006,0.417762703449,0.399,2780,2505,2065,19985
E09000010,Enfield,True,0.935185185185,0.695161868891,0.554138578066,0.455667959664,0.388712667631,0.369865321611,0.407560013652,0.425,2460,2205,1865,17050
E09000011,Greenwich,True,0.938837920489,0.680148834039,0.533511241379,0.440071419443,0.375670723914,0.352661757925,0.398679689904,0.37,1890,1490,1250,11225
E09000015,Harrow,True,0.924757281553,0.682158618081,0.544435742506,0.450161155059,0.385254197818,0.364966282955,0.405542112681,0.384,2395,2210,1790,17345
E09000016,Havering,True,0.934931506849,0.66100253032,0.523928272881,0.436084011559,0.368122866901,0.344924390063,0.391321343738,0.328,1980,1600,1200,11880
E09000017,Hillingdon,True,0.930555555556,0.686782815561,0.527313121545,0.436787263769,0.372614727386,0.352724055088,0.392505399684,0.389,2315,2265,1650,16295
E09000018,Hounslow,True,0.941025641026,0.69765694076,0.537578122161,0.448803753364,0.383727209126,0.362619460453,0.4048349578,0.383,2235,1910,1545,14740
E09000021,Kingston upon Thames,True,0.944186046512,0.669513742072,0.518333219669,0.414666575735,0.346688448565,0.320001802703,0.373375094428,0.408,1250,1015,1020,9325
E09000024,Merton,True,0.943894389439,0.74357147945,0.590291393774,0.492453041215,0.416240070551,0.391787775818,0.440692365283,0.401,1770,1420,1265,12365
E09000026,Redbridge,True,0.927855711423,0.689596311621,0.513996189829,0.418101378294,0.358870349702,0.340726704184,0.37701399522,0.369,2795,2625,2040,17230
E09000027,Richmond upon Thames,True,0.951672862454,0.753874189081,0.61426785777,0.510777077384,0.449034793305,0.424111587957,0.473957998653,0.446,1795,1290,1375,13545
E09000029,Sutton,True,0.955,0.749307692308,0.592267157992,0.505593915359,0.426203135261,0.39687203397,0.455534236552,0.366,1395,1025,865,9145
E09000031,Waltham Forest,True,0.936868686869,0.700186071239,0.543565502672,0.436793707504,0.359592959201,0.339417013912,0.379768904491,0.352,2515,1895,1575,13685
E13000001,Inner London,True,0.9358666835,0.710405583405,0.545914195954,0.45146494254,0.385956123792,0.381317967521,0.390594280063,0.382,46320,40025,31495,314745
E13000002,Outer London,True,0.936224853759,0.697865885302,0.542318950075,0.446747428733,0.379193945041,0.374387209315,0.384000680768,0.381,42230,35525,29750,280535
E12000007,LONDON,True,0.936034829203,0.70436193214,0.544146295184,0.449155929103,0.38266884541,0.379331170319,0.386006520502,0.382,88550,75550,61245,595280
E92000001,ENGLAND,True,0.933672745335,0.695908493443,0.52915389618,0.438890604187,0.374676272679,0.372979482103,0.376373063255,0.383,325355,282680,249730,2521340
K02000001,UNITED KINGDOM,True,0.933913456214,0.696810327613,0.529368109696,0.439359626899,0.375277123369,0.373672999323,0.376881247416,0.384,363825,317440,280370,2859535
