sic_group,group_name,survival_1y,survival_2y,survival_3y,survival_4y,survival_5y,survival_5y_lo,survival_5y_hi,cohort_2019_survival_5y,births_2019
110,Manufacture of beverages,0.910714285714,0.696428571429,0.578167115903,0.486185983827,0.413775305385,0.362912775783,0.464637834987,0.482,415
108,Manufacture of other food products,0.939024390244,0.659552845528,0.4993757259,0.397807781649,0.338136614402,0.297112902722,0.379160326081,0.415,410
141,"Manufacture of wearing apparel, except fur apparel",0.910447761194,0.584484982495,0.434965568368,0.318974750137,0.251107782023,0.216894770715,0.28532079333,0.333,555
151,"Tanning and dressing of leather; manufacture of luggage, handbags, saddlery and harness; dressing and dyeing of fur",0.875,0.556818181818,0.371212121212,0.265151515152,0.176767676768,0.096879669436,0.256655684099,0.364,55
310,Manufacture of furniture,0.940170940171,0.670509507719,0.52877579064,0.438496997116,0.373049684114,0.338801267311,0.407298100917,0.475,600
181,Printing and service activities related to printing,0.943925233645,0.712571009712,0.578963945391,0.497315183862,0.443758164061,0.404659773301,0.482856554822,0.379,765
329,Other manufacturing n.e.c.,0.930693069307,0.69801980198,0.556049672764,0.483969159628,0.446740762733,0.400199297853,0.493282227614,0.181,995
204,"Manufacture of soap and detergents, cleaning and polishing preparations, perfumes and toilet preparations",0.92,0.522727272727,0.385167464115,0.320972886762,0.283211370673,0.229780291561,0.336642449784,0.469,160
251,Manufacture of structural metal products,0.935483870968,0.727598566308,0.565909996018,0.512013805921,0.473612770477,0.425007486432,0.522218054521,0.457,405
256,Treatment and coating of metals; machining,0.969696969697,0.775757575758,0.661435406699,0.573244019139,0.515088828791,0.470332545626,0.559845111956,0.496,625
321,"Manufacture of jewellery, bijouterie and related articles",0.894736842105,0.698331193838,0.573629194939,0.539886301119,0.479898934328,0.409083888616,0.550713980039,0.5,160
439,Other specialised construction activities,0.941789748045,0.754229925341,0.616918885617,0.528471733557,0.461156892971,0.447247855888,0.475065930054,0.45,5095
432,"Electrical, plumbing and other construction installation activities",0.951822371177,0.78890174563,0.670957029204,0.585191672393,0.517949151031,0.508669601812,0.52722870025,0.537,10610
433,Building completion and finishing,0.939618644068,0.681932046089,0.488976273957,0.418849920521,0.363230283379,0.354597025414,0.371863541344,0.415,11560
471,Retail sale in non-specialised stores,0.951361867704,0.77061393607,0.628277009055,0.527979775681,0.4596838843,0.446225886083,0.473141882516,0.535,4905
472,"Retail sale of food, beverages and tobacco in specialised stores",0.942687747036,0.712519825785,0.569413306864,0.476092792684,0.414500368455,0.396696013661,0.43230472325,0.506,2460
477,Retail sale of other goods in specialised stores,0.934160305344,0.726569126378,0.575010157668,0.483662390146,0.425400955004,0.412485565272,0.438316344736,0.501,4595
474,Retail sale of information and communication equipment in specialised stores,0.927152317881,0.618101545254,0.45482943896,0.382470210035,0.321274976429,0.29076074371,0.351789209148,0.444,710
475,Retail sale of other household equipment in specialised stores,0.932721712538,0.692801965671,0.512272277512,0.429906930932,0.375927585344,0.356709293194,0.395145877494,0.517,1885
451,Sale of motor vehicles,0.931481481481,0.687251580849,0.548835571591,0.460950136925,0.399998052703,0.381773214091,0.418222891316,0.438,2395
473,Retail sale of automotive fuel in specialised stores,1.0,0.8,0.711111111111,0.632098765432,0.565562053281,0.476080715993,0.65504339057,0.5,170
476,Retail sale of cultural and recreation goods in specialised stores,0.905,0.685339805825,0.545948658878,0.446995464456,0.402738487777,0.376240612004,0.429236363551,0.506,900
494,Freight transport by road and removal services,0.872918978912,0.492855940341,0.23300862526,0.181351052679,0.147154686298,0.142276621209,0.152032751387,0.202,16510
493,Other passenger land transport,0.9475,0.781765676568,0.654882242151,0.565947616674,0.489468209015,0.463486781647,0.515449636383,0.476,1680
532,Other postal and courier activities,0.802204531537,0.463583876425,0.275782631071,0.192680131575,0.143546698023,0.137542355467,0.149551040579,0.137,10885
561,Restaurants and mobile food service activities,0.939968814969,0.702945814404,0.50342079763,0.37809108966,0.293243061877,0.286986449823,0.29949967393,0.391,18105
107,Manufacture of bakery and farinaceous products,0.890625,0.64125,0.505875,0.4350525,0.3806709375,0.336156510749,0.425185364251,0.483,290
563,Beverage serving activities,0.949877750611,0.754188650109,0.578305102976,0.450215595518,0.370609694543,0.355836802285,0.385382586801,0.437,4795
562,Event catering and other food service activities,0.924092409241,0.517908348212,0.234213329446,0.184905260089,0.154680361805,0.145387730322,0.163972993288,0.216,4030
551,Hotels and similar accommodation,0.95,0.790604026846,0.654516448454,0.557826518569,0.48584890327,0.450348459163,0.521349347377,0.485,835
552,Holiday and other short-stay accommodation,0.910931174089,0.737612410877,0.639548333131,0.550497299404,0.477637362718,0.443591658567,0.511683066869,0.468,630
683,Real estate activities on a fee or contract basis,0.939436619718,0.722423905133,0.59828423647,0.521616233628,0.458004497819,0.442416384281,0.473592611358,0.489,3310
620,"Computer programming, consultancy and related activities",0.951560818084,0.769045428396,0.612827372699,0.50781603262,0.423933184073,0.415878018464,0.431988349681,0.345,21730
582,Software publishing,0.929936305732,0.717588645368,0.5626547333,0.482275485686,0.419758293097,0.381032259681,0.458484326513,0.448,525
631,"Data processing, hosting and related activities; web portals",0.93023255814,0.686940966011,0.511965436933,0.41765601434,0.344731948344,0.31046663602,0.378997260668,0.359,725
581,"Publishing of books, periodicals and other publishing activities",0.9375,0.726156069364,0.591866933249,0.495888511641,0.439215538882,0.407878228696,0.470552849068,0.487,955
591,"Motion picture, video and television programme activities",0.94816687737,0.79284039461,0.653671601939,0.556642223526,0.492590241641,0.475668974219,0.509511509064,0.491,3290
592,Sound recording and music publishing activities,0.933884297521,0.732165289256,0.597514201577,0.515098449635,0.471446038649,0.432707338544,0.510184738754,0.505,535
662,Activities auxiliary to insurance and pension funding,0.961538461538,0.87543053961,0.738644517796,0.637920265369,0.548072340669,0.501061939031,0.595082742307,0.513,595
772,Renting and leasing of personal and household goods,0.92,0.698518518519,0.509336419753,0.441424897119,0.388453909465,0.333622921167,0.443284897763,0.379,290
773,"Renting and leasing of other machinery, equipment and tangible goods",0.94701986755,0.719255595607,0.59595463636,0.513183159088,0.464565807174,0.431868191115,0.497263423234,0.555,775
691,Legal activities,0.968215158924,0.86850736478,0.782666520587,0.720592968954,0.666607176492,0.645775542454,0.687438810529,0.598,2375
692,"Accounting, bookkeeping and auditing activities; tax consultancy",0.953571428571,0.812490450726,0.704353232464,0.617663603853,0.552246030046,0.534976223666,0.569515836426,0.429,4235
711,Architectural and engineering activities and related technical consultancy,0.956457564576,0.808519132338,0.682304024443,0.588250023492,0.502794783593,0.490809667623,0.514779899563,0.382,9930
731,Advertising,0.937153419593,0.736618471757,0.591394402503,0.499356200789,0.435287858046,0.416403249244,0.454172466849,0.44,2625
741,Specialised design activities,0.955193482688,0.767420404895,0.63797599925,0.551649213873,0.484374919498,0.464883035252,0.503866803745,0.461,2735
742,Photographic activities,0.941489361702,0.683041301627,0.568193649141,0.517687546995,0.46648767971,0.434124962328,0.498850397091,0.532,770
960,Other personal service activities,0.94702320888,0.739337936344,0.593165106523,0.505021205188,0.433856288759,0.423231784007,0.44448079351,0.514,6755
823,Organisation of conventions and trade shows,0.959459459459,0.79954954955,0.687612612613,0.597137268848,0.520906979208,0.466963017966,0.574850940449,0.451,455
900,"Creative, arts and entertainment activities",0.946595460614,0.790515598406,0.66511252155,0.575342733366,0.507166282302,0.489259697938,0.525072866666,0.504,3025
781,Activities of employment placement agencies,0.938947368421,0.722077635032,0.568375965491,0.503920959095,0.446612301002,0.427166116785,0.466058485219,0.34,3325
782,Temporary employment agency activities,0.942307692308,0.734594706369,0.574543345763,0.472521630161,0.382264689568,0.352401191598,0.412128187538,0.268,1345
821,Office administrative and support activities,0.903381642512,0.453376234768,0.132352068535,0.106616944097,0.088136673787,0.078349512043,0.097923835532,0.11,2810
829,Business support service activities n.e.c.,0.93524341952,0.723636824363,0.560433625677,0.449480725796,0.373440753387,0.366984947546,0.379896559227,0.306,36130
791,Travel agency and tour operator activities,0.950549450549,0.7671100829,0.599076445693,0.508804652506,0.453045238533,0.415015340086,0.49107513698,0.399,815
801,Private security activities,0.937219730942,0.721709311527,0.53905448577,0.427358511241,0.349656963743,0.320793784496,0.37852014299,0.389,925
812,Cleaning activities,0.918158567775,0.644429476045,0.506185529039,0.419763609447,0.3547298108,0.339478949363,0.369980672237,0.475,2525
813,Landscape service activities,0.94362745098,0.78635620915,0.655019759842,0.579802179764,0.52040781013,0.498862534981,0.541953085278,0.594,1550
855,Other education,0.944620253165,0.787448143814,0.652866097417,0.563296053564,0.490140721932,0.472053468072,0.508227975793,0.505,2655
862,Medical and dental practice activities,0.97628458498,0.888344446791,0.80725823968,0.734455109311,0.674062248864,0.656460818332,0.691663679396,0.664,2605
869,Other human health activities,0.959756097561,0.809750803007,0.682638758349,0.594112118217,0.52831468493,0.510288840053,0.546340529806,0.488,2800
871,Residential nursing care activities,0.92,0.667,0.522,0.460588235294,0.403014705882,0.332300532296,0.473728879469,0.368,190
873,Residential care activities for the elderly and disabled,0.916666666667,0.757246376812,0.599486714976,0.549529488728,0.444857205161,0.375050119868,0.514664290454,0.425,200
881,Social work activities without accommodation for the elderly and disabled,0.960396039604,0.824810716366,0.720780535923,0.682844718243,0.619618355443,0.575807817302,0.663428893583,0.636,385
851,Pre-primary education,0.964285714286,0.867857142857,0.78318815331,0.708598805376,0.654091204962,0.597830557567,0.710351852358,0.667,360
889,Other social work activities without accommodation,0.962025316456,0.824593128391,0.720067238876,0.648987640189,0.598243750627,0.575631157417,0.620856343837,0.64,1750
750,Veterinary activities,0.958333333333,0.881666666667,0.783703703704,0.688130081301,0.608114955568,0.553428424602,0.662801486535,0.284,670
931,Sports activities,0.952380952381,0.752735876959,0.60141929522,0.506194573477,0.429412250534,0.41285375928,0.445970741787,0.441,3425
910,"Libraries, archives, museums and other cultural activities",0.941176470588,0.719723183391,0.575778546713,0.447827758554,0.447827758554,0.343831975492,0.551823541617,0.533,75
920,Gambling and betting activities,1.0,0.833333333333,0.666666666667,0.533333333333,0.533333333333,0.362631114814,0.704035551853,0.6,50
932,Amusement and recreation activities,0.916666666667,0.746124031008,0.616874198865,0.544300763704,0.460989422321,0.427432974966,0.494545869676,0.48,865
452,Maintenance and repair of motor vehicles,0.95297029703,0.779941302246,0.64942051289,0.559563586578,0.497530519288,0.482060067562,0.513000971014,0.472,4165
952,Repair of personal and household goods,0.941860465116,0.653535832938,0.51947720054,0.442517615275,0.407116206053,0.365672310096,0.44856010201,0.575,400
951,Repair of computers and communication equipment,0.906976744186,0.639006342495,0.510131113756,0.432838520763,0.363025856124,0.312059506907,0.41399220534,0.464,280
553,"Camping grounds, recreational vehicle parks and trailer parks",0.95,0.821621621622,0.715115115115,0.681062014395,0.595929262596,0.528567388015,0.663291137177,0.6,175
802,Security systems service activities,0.933962264151,0.774764150943,0.645636792453,0.5703125,0.52806712963,0.483041012353,0.573093246906,0.521,480
